PESQUISADOR,DESCRIÇÃO
Antonio Misson Godoy,"Jefferson Cassu Manzano. CARACTERIZAÇÃO PETROGRÁFICA E GEOQUÍMICA DOS GRANITÓIDES BRASILIANOS E DAS ROCHAS ENCAIXANTES DA FAIXA DE DOBRAMENTOS PARAGUAI, MS E MT..
						2009.

					Dissertação  (Mestrado em Geociências Geologia Regional Rio Claro)  - Universidade Estadual Paulista Júlio de Mesquita Filho, Conselho Nacional de Desenvolvimento Científico e Tecnológico. Orientador: Antonio Misson Godoy."
Antonio Misson Godoy,"Larissa M B A Ruiz. Caracterização Petrográfica, Geoquímica e Geocronológica (U/PB e Rr/Ar ) do Maciço Sararé - Nova lacerda.
						2003. 100 f.

					Dissertação  (Mestrado em Geociências Geologia Regional Rio Claro)  - Universidade Estadual Paulista Júlio de Mesquita Filho, Conselho Nacional de Desenvolvimento Científico e Tecnológico. Orientador: Antonio Misson Godoy."
Antonio Misson Godoy,"Julio Cesar de Pinheiro Arrais. Caracterização Tecnológica do Granito Preto Piracaia, SP: Estudo Previsional como Rocha Ornamental..
						2001. 100 f.

					Dissertação  (Mestrado em Geociências Geologia Regional Rio Claro)  - Universidade Estadual Paulista Júlio de Mesquita Filho, Conselho Nacional de Desenvolvimento Científico e Tecnológico. Orientador: Antonio Misson Godoy."
Antonio Misson Godoy,"Otávio Augusto Ruiz Paccola VIEIRA.
						Geologia das Rochas Ígneas Meso- a Neoproterozoicas associadas a Formação aguas Claras no Estado de São Paulo.
						2021. Tese
					 (Doutorado em Geociências Geologia Regional Rio Claro)  - Universidade Estadual Paulista Júlio de Mesquita Filho, Conselho Nacional de Desenvolvimento Científico e Tecnológico. Orientador: Antonio Misson Godoy."
Antonio Misson Godoy,"Jesué Antonio da Silva.
						CARACTERIZAÇÃO GEOLÓGICA E TECNOLÓGICA DE UNIDADES GNÁISSICAS E GRANÍTICAS DE MATO GROSSO PARA FINS DE EXPLORAÇÃO COMO ROCHAS ORNAMENTAIS OU DE REVESTIMENTO.
						2009. Tese
					 (Doutorado em Geociências Geologia Regional Rio Claro)  - Universidade Estadual Paulista Júlio de Mesquita Filho, Conselho Nacional de Desenvolvimento Científico e Tecnológico. Orientador: Antonio Misson Godoy."
Antonio Misson Godoy,"Larissa Marques Barbosa de Araújo.
						EVOLUÇÃO DO MAGMATISMO DO DOMÍNIO CACHOEIRINHA: SUÍTES INTRUSIVAS SANTA CRUZ, ALVORADA, RIO BRANCO E SALTO DO CÉU?SW DO CRÁTON AMAZÔNICO ? MT..
						2008. Tese
					 (Doutorado em Geociências Geologia Regional Rio Claro)  - Universidade Estadual Paulista Júlio de Mesquita Filho, Conselho Nacional de Desenvolvimento Científico e Tecnológico. Orientador: Antonio Misson Godoy."
Antonio Misson Godoy,"Julio Cesar de Pinheiro Arrais.
						Caracterização Tecnológica de Rochas Ornamentais dos Maciços Granitóides Soreocaba, São Francisco, Sáo Roque, Ibiúna e Piedade , Sudeste do Estado de São Paulo.
						2006. 245 f. Tese
					 (Doutorado em Geociências Geologia Regional Rio Claro)  - Universidade Estadual Paulista Júlio de Mesquita Filho, Conselho Nacional de Desenvolvimento Científico e Tecnológico. Orientador: Antonio Misson Godoy."
Antonio Misson Godoy,"Tânia Gomes Fernandes.
						Bases Geológicas e Tecnológicas para Otimização dos Quartzitos São Tomé em Revestimentos..
						2002. 130 f. Tese
					 (Doutorado em Geociências Geologia Regional Rio Claro)  - Universidade Estadual Paulista Júlio de Mesquita Filho, Conselho Nacional de Desenvolvimento Científico e Tecnológico. Orientador: Antonio Misson Godoy."
Antonio Misson Godoy,"Isabella Maria Wonsik Dalbelo.
						GEOQUÍMICA E QUÍMICA MINERAL DAS ROCHAS GRANÍTICAS DO STOCK SÃO MIGUEL ARCANJO, SUDOESTE DO ESTADO DE SÃO PAULO.
						2023.
						Iniciação Científica. (Graduando em Geologia)  - Universidade Estadual Paulista Júlio de Mesquita Filho,
						Conselho Nacional de Desenvolvimento Científico e Tecnológico. Orientador: Antonio Misson Godoy."
Antonio Misson Godoy,"Leandro Guerra Faria.
						GEOQUÍMICA E QUÍMICA MINERAL DAS ROCHAS GRANÍTICAS DOS STOCKS PILAR DO SUL E SERRA DOS LOPES, SUDOESTE DO ESTADO DE SÃO PAULO..
						2023.
						Iniciação Científica. (Graduando em Geologia)  - Universidade Estadual Paulista Júlio de Mesquita Filho,
						Conselho Nacional de Desenvolvimento Científico e Tecnológico. Orientador: Antonio Misson Godoy."
Antonio Misson Godoy,"LEANDRO GUERRA FARIA.
						GEOLOGIA E PETROGRAFIA DAS ROCHAS GRANÍTICAS DO STOCK SERRA DOS LOPES, SUDOESTE DO ESTADO DE SÃO PAULO.
						2022.
						Iniciação Científica. (Graduando em Geologia)  - Universidade Estadual Paulista Júlio de Mesquita Filho,
						Conselho Nacional de Desenvolvimento Científico e Tecnológico. Orientador: Antonio Misson Godoy."
Antonio Misson Godoy,"Isabella Maria Wonsik Dalbelo.
						GEOLOGIA E PETROGRAFIA DAS ROCHAS GRANÍTICAS DO STOCK SÃO MIGUEL ARCANJO, SUDOESTE DO ESTADO DE SÃO PAULO.
						2022.
						Iniciação Científica. (Graduando em Geologia)  - Universidade Estadual Paulista Júlio de Mesquita Filho,
						Conselho Nacional de Desenvolvimento Científico e Tecnológico. Orientador: Antonio Misson Godoy."
Antonio Misson Godoy,"Ana Flávia da Silva Araújo.
						Rochas cálcio - silicatadas da Folha Araçaíba - SP.
						2021.
						Iniciação Científica. (Graduando em Geologia)  - Universidade Estadual Paulista Júlio de Mesquita Filho,
						Conselho Nacional de Desenvolvimento Científico e Tecnológico. Orientador: Antonio Misson Godoy."
Antonio Misson Godoy,"Nicolli Ochi Duarte.
						INVESTIGAÇÃO GEOLÓGICA E PETROGRÁFICA DAS ROCHAS ORTO ANFIBOLÍTICAS DA REGIÃO DE ARAÇAÍBA, SUL DO ESTADO DE SÃO PAULO.
						2021.
						Iniciação Científica. (Graduando em Geologia)  - Universidade Estadual Paulista Júlio de Mesquita Filho,
						Conselho Nacional de Desenvolvimento Científico e Tecnológico. Orientador: Antonio Misson Godoy."
Antonio Misson Godoy,"Ana Flávia da Silva Araújo.
						Rochas cálcio - silicatadas da Folha Araçaíba.
						2020.
						Iniciação Científica. (Graduando em Geologia)  - Universidade Estadual Paulista Júlio de Mesquita Filho,
						Conselho Nacional de Desenvolvimento Científico e Tecnológico. Orientador: Antonio Misson Godoy."
Antonio Misson Godoy,"Nicolli Ochi Duarte.
						GEOLOGIA E PETROGRAFIA DAS ROCHAS GRANÍTICAS DA REGIÃO DAS FOLHAS TOPOGRÁFICA DE RIBEIRÃO BRANCO, GUAPIARA E CAPÃO BONITO, SUDOESTE DO ESTADO DE SÃO PAULO..
						2019.
						Iniciação Científica. (Graduando em Geociências)  - Instituto de Geociências e Ciências Exatas de Rio Claro,
						Conselho Nacional de Desenvolvimento Científico e Tecnológico. Orientador: Antonio Misson Godoy."
Antonio Misson Godoy,"Giulia de Vincenzo Rafael.
						GEOLOGIA E PETROGRAFIA DAS ROCHAS GRANÍTICAS DA REGIÃO DAS FOLHAS TOPOGRÁFICA DE RIBEIRÃO BRANCO, GUAPIARA E CAPÃO BONITO, SUDOESTE DO ESTADO DE SÃO PAULO..
						2018.
						Iniciação Científica. (Graduando em Geologia)  - Instituto de Geociências e Ciências Exatas,
						Conselho Nacional de Desenvolvimento Científico e Tecnológico. Orientador: Antonio Misson Godoy."
Antonio Misson Godoy,"Suelen Portuglesi da Mata.
						INVESTIGAÇÃO GEOLÓGICA E PETROGRÁFICA DA REGIÃO DE RIBEIRÃO BRANCO SUDOESTE DO ESTADO DE SÃO PAULO.
						2017.
						Iniciação Científica. (Graduando em Geologia)  - Universidade Estadual Paulista Júlio de Mesquita Filho,
						Conselho Nacional de Desenvolvimento Científico e Tecnológico. Orientador: Antonio Misson Godoy."
Antonio Misson Godoy,"Cleberson Ernandes de Andrade.
						Investigação Geológica das Rochas Graníticas dos Maciços do Bairro dos Correas e Campina do Veado, Sudoeste do Estado de São Paulo..
						2015.
						Iniciação Científica. (Graduando em Geologia)  - Universidade Estadual Paulista Júlio de Mesquita Filho,
						Conselho Nacional de Desenvolvimento Científico e Tecnológico. Orientador: Antonio Misson Godoy."
Antonio Misson Godoy,"Cleberson Ernandes de Andrade.
						Investigação Geológica das Rochas Graníticas dos Maciços do Bairro dos Correas e Campina do Veado, Sudoeste do Estado de São Paulo..
						2014.
						Iniciação Científica. (Graduando em Geologia)  - Instituto de Geociências e Ciências Exatas,
						Conselho Nacional de Desenvolvimento Científico e Tecnológico. Orientador: Antonio Misson Godoy."
Antonio Misson Godoy,"Otávio Augusto Ruiz Paccola Vieira.
						INVESTIGAÇÃO GEOLÓGICA E PETROGRÁFICA DAS ROCHAS GRANÍTICAS DO MACIÇO CAPÃO BONITO, SUDOESTE DO ESTADO DE SÃO PAULO.
						2014.
						Iniciação Científica. (Graduando em Geologia)  - Instituto de Geociências e Ciências Exatas,
						Conselho Nacional de Desenvolvimento Científico e Tecnológico. Orientador: Antonio Misson Godoy."
Antonio Misson Godoy,"Otávio Augusto Ruiz Paccola Vieira.
						INVESTIGAÇÃO GEOLÓGICA E PETROGRÁFICA DAS ROCHAS GRANÍTICAS DO MACIÇO CAPÃO BONITO, SUDOESTE DO ESTADO DE SÃO PAULO.
						2013.
						Iniciação Científica - Instituto de Geociências e Ciências Exatas de Rio Claro,
						Conselho Nacional de Desenvolvimento Científico e Tecnológico. Orientador: Antonio Misson Godoy."
Antonio Misson Godoy,"Cleberson Ernandes de ANDRADE.
						Investigação Geológica das Rochas Graníticas dos Maciços do Bairro dos Correas e Campina do Veado, Sudoeste do Estado de São Paulo..
						2013.
						Iniciação Científica. (Graduando em Geologia)  - Universidade Estadual Paulista Júlio de Mesquita Filho,
						Conselho Nacional de Desenvolvimento Científico e Tecnológico. Orientador: Antonio Misson Godoy."
Antonio Misson Godoy,"Otávio Augusto Ruiz Paccola VIEIRA.
						Investigação Geológica e Petrográfica das Rochas Graníticas do Maciço Capão Bonito, Sudoeste do Estado de São Paulo..
						2012.
						Iniciação Científica. (Graduando em Geologia)  - Universidade Estadual Paulista Júlio de Mesquita Filho,
						Conselho Nacional de Desenvolvimento Científico e Tecnológico. Orientador: Antonio Misson Godoy."
Antonio Misson Godoy,"Glaúcia Fumes Chaguri.
						CARACTERIZAÇÃO GEOLÓGICA DO GRUPO AMONGUIJÁ ? RIO APA ? MS.
						2011.
						Iniciação Científica. (Graduando em Geologia)  - Instituto de Geociências e Ciências Exatas de Rio Claro,
						Conselho Nacional de Desenvolvimento Científico e Tecnológico. Orientador: Antonio Misson Godoy."
Antonio Misson Godoy,"Antonio Ferreira de Mello Junior.
						CARACTERIZAÇÃO PETROGRÁFICA DO MAGMATISMO RAPAKIVI NA REGIÃO NORTE DO ESTADO DE MATO GROSSO (TELES PIRES).
						2011.
						Iniciação Científica. (Graduando em Geologia)  - Instituto de Geociências e Ciências Exatas de Rio Claro,
						Conselho Nacional de Desenvolvimento Científico e Tecnológico. Orientador: Antonio Misson Godoy."
Antonio Misson Godoy,"José Roberto Erler.
						Caracterização Petrográfica do Magmatismo Rapakivi na região norte do Estado de Mato Grosso (Granito Aripuanã).
						2009.
						Iniciação Científica. (Graduando em Geologia)  - Universidade Estadual Paulista Júlio de Mesquita Filho,
						Conselho Nacional de Desenvolvimento Científico e Tecnológico. Orientador: Antonio Misson Godoy."
Antonio Misson Godoy,"Antonio Ferreira de Mello Junior.
						Caracterização Petrográfica do Magmatismo Rapakivi na região norte do Estado de Mato Grosso (Granito Aripuanã).
						2009.
						Iniciação Científica. (Graduando em Geologia)  - Instituto de Geociências e Ciências Exatas de Rio Claro,
						Conselho Nacional de Desenvolvimento Científico e Tecnológico. Orientador: Antonio Misson Godoy."
Antonio Misson Godoy,"Gláucia Fumes Chaguri.
						MAGMATISMO DA SERRA DA ALEGRIA, SUL DO CRÁTON AMAZÔNICO-MS..
						2009.
						Iniciação Científica. (Graduando em Geologia)  - Instituto de Geociências e Ciências Exatas de Rio Claro,
						Conselho Nacional de Desenvolvimento Científico e Tecnológico. Orientador: Antonio Misson Godoy."
Antonio Misson Godoy,"Luis Fernando Paulillo Sims.
						Caracterização petrográfica e geoquímica da Suíte Vulcânica Serra da Bocaina, Maciço Rio Apa, MS.
						2008.
						Iniciação Científica. (Graduando em Geologia)  - Universidade Estadual Paulista Júlio de Mesquita Filho,
						Conselho Nacional de Desenvolvimento Científico e Tecnológico. Orientador: Antonio Misson Godoy."
Antonio Misson Godoy,"Yuri Baldim.
						CARACTERIZAÇÃO GEOLÓGICA, FACIOLÓGICA E PETROGRÁFICA DO BATÓLITO ALUMIADOR E SUAS RELAÇÕES GEOLÓGICAS COM AS ROCHAS ORTODERIVADAS DO COMPLEXO RIO APA E DAS PARADERIVADAS DA SEQUÊNCIA SUPRACRUSTAL URUCUM - MS.
						2007.
						Iniciação Científica. (Graduando em Geologia)  - Instituto de Geociências e Ciências Exatas,
						Conselho Nacional de Desenvolvimento Científico e Tecnológico. Orientador: Antonio Misson Godoy."
Antonio Misson Godoy,"Marcos Vínicius Veloso da Silva.
						Caracterização petrográfica e geoquímica da Suíte Vulcânica Serra da Bocaina, Maciço Rio Apa, MS.
						2007.
						Iniciação Científica. (Graduando em Geologia)  - Instituto de Geociências e Ciências Exatas,
						Conselho Nacional de Desenvolvimento Científico e Tecnológico. Orientador: Antonio Misson Godoy."
Antonio Misson Godoy,"Marcos Vinícius Veloso.
						CARACTERIZAÇÃO FACIOLÓICA E PETROGRÁFICA DOS GRANITOS TIPO ALVORADA ? SW DO CRÁTON AMAZÔNICO-MT.
						2007.
						Iniciação Científica. (Graduando em Geologia)  - Instituto de Geociências e Ciências Exatas,
						Conselho Nacional de Desenvolvimento Científico e Tecnológico. Orientador: Antonio Misson Godoy."
Antonio Misson Godoy,"Luís Fernando M de MONTANO.
						Caracterização Geológica e Petrográfica da Suíte Alvorada SW do Mato GRosso..
						2005. 0 f.
						Iniciação Científica. (Graduando em Geologia)  - Universidade Estadual Paulista Júlio de Mesquita Filho,
						Conselho Nacional de Desenvolvimento Científico e Tecnológico. Orientador: Antonio Misson Godoy."
Antonio Misson Godoy,"Tsai Shu Tin.
						Caracterização Geológica e Tecnológica das Rochas Movimentadas e Graníticas do Sul do Mato Grosso..
						2005. 0 f.
						Iniciação Científica. (Graduando em Geologia)  - Universidade Estadual Paulista Júlio de Mesquita Filho,
						Conselho Nacional de Desenvolvimento Científico e Tecnológico. Orientador: Antonio Misson Godoy."
Antonio Misson Godoy,"Jefferson Cassu Manzano.
						Caracterização Geológica, Petrográfica e Geoquímica dos Granitóides Brasilianos Pós-Tectônicos da Faixa Paraguai..
						2005. 0 f.
						Iniciação Científica. (Graduando em Geologia)  - Universidade Estadual Paulista Júlio de Mesquita Filho,
						Conselho Nacional de Desenvolvimento Científico e Tecnológico. Orientador: Antonio Misson Godoy."
Antonio Misson Godoy,"Jefferson Cassu Manzano.
						Caracterização Geológica, Petrográfica e Geoquímica dos Granitóides Brasilianos Pós-Tectônicos da Faixa Paraguai..
						2004. 0 f.
						Iniciação Científica. (Graduando em Geologia)  - Universidade Estadual Paulista Júlio de Mesquita Filho,
						Conselho Nacional de Desenvolvimento Científico e Tecnológico. Orientador: Antonio Misson Godoy."
Antonio Misson Godoy,"Adenir Batista Gomes.
						Geoquímica do Maciço Granitóide Ibiína, Caucáia e São Roque..
						1998. 0 f.
						Iniciação Científica. (Graduando em Geologia)  - Universidade Estadual Paulista Júlio de Mesquita Filho,
						Conselho Nacional de Desenvolvimento Científico e Tecnológico. Orientador: Antonio Misson Godoy."
Antonio Misson Godoy,"Andreza Oliva.
						Geologia e Geoquímica das Rochas Granitóides da Região de São Pedro da União..
						1998. 0 f.
						Iniciação Científica. (Graduando em Geologia)  - Universidade Estadual Paulista Júlio de Mesquita Filho,
						Conselho Nacional de Desenvolvimento Científico e Tecnológico. Orientador: Antonio Misson Godoy."
Antonio Misson Godoy,"Emerson Ricardo Ré.
						Programa de Integração e Revisão Geológica da Zona de Sutura entre os Blocos São Paulo e Brasília. Subprojeto 1.
						1998. 0 f.
						Iniciação Científica. (Graduando em Geologia)  - Universidade Estadual Paulista Júlio de Mesquita Filho,
						Conselho Nacional de Desenvolvimento Científico e Tecnológico. Orientador: Antonio Misson Godoy."
Antonio Misson Godoy,"Celia Maria Regina.
						Estudos Geoquímicos do Maciço Sorocaba..
						1994. 0 f.
						Iniciação Científica. (Graduando em Geologia)  - Universidade Estadual Paulista Júlio de Mesquita Filho,
						Conselho Nacional de Desenvolvimento Científico e Tecnológico. Orientador: Antonio Misson Godoy."
Antonio Misson Godoy,"Alessandro Batezelli.
						Estudo Geoquímico do Maciço São Francisco..
						1994. 0 f.
						Iniciação Científica. (Graduando em Geologia)  - Universidade Estadual Paulista Júlio de Mesquita Filho,
						Conselho Nacional de Desenvolvimento Científico e Tecnológico. Orientador: Antonio Misson Godoy."
Antonio Misson Godoy,"Edson Augusto Vicente.
						Estudo da Zona de Cisalhamento Taxaquara..
						1994. 0 f.
						Iniciação Científica. (Graduando em Geologia)  - Universidade Estadual Paulista Júlio de Mesquita Filho,
						Conselho Nacional de Desenvolvimento Científico e Tecnológico. Orientador: Antonio Misson Godoy."
Antonio Misson Godoy,"Ricardo Lisboa Moreira.
						Geologia e Geoquímica dos Maciços Pilar do Sul e Serra dos Lopes..
						1991. 0 f.
						Iniciação Científica. (Graduando em Geologia)  - Universidade Estadual Paulista Júlio de Mesquita Filho,
						Conselho Nacional de Desenvolvimento Científico e Tecnológico. Orientador: Antonio Misson Godoy."
Antonio Misson Godoy,"Marcos de Araújo Pinto.
						Geoquímica de Elementos Maiores dos Maciços Granitóides Sorocaba e São Francisco..
						1990. 0 f.
						Iniciação Científica. (Graduando em Geologia)  - Universidade Estadual Paulista Júlio de Mesquita Filho,
						Conselho Nacional de Desenvolvimento Científico e Tecnológico. Orientador: Antonio Misson Godoy."
Antonio Misson Godoy,"Isabel Isler Meyer.
						APLICAÇÃO DO SOFTWARE ARCGIS COMO PROGRAMA TESTE NO DESENVOLVIMENTO DE UMA BASE CARTOGRÁFICA GEOFERRENCIADA E DE UM BANCO DE DADOS PARA A REGIÃO SUL DO MATO GROSSO.
						2008.
						Orientação de outra natureza. (Geociências)  - Instituto de Geociências e Ciências Exatas de Rio Claro,
						Conselho Nacional de Desenvolvimento Científico e Tecnológico. Orientador: Antonio Misson Godoy."
Antonio Misson Godoy,"Adilson José Rossini.
						Utilização do Método da Velocidade de Propagação de Ondas Ultra-Sônicas na Caracte-rização das Rochas Ornamentais e de Revestimento.
						2006.
						Orientação de outra natureza. (Geologia)  - Universidade Estadual Paulista Júlio de Mesquita Filho,
						Conselho Nacional de Desenvolvimento Científico e Tecnológico. Orientador: Antonio Misson Godoy."
Antonio Misson Godoy,"Adílson Rossini.
						Ensaios Tecnológicos de Rochas do Estado do Mato Grosso..
						2004. 0 f.
						Orientação de outra natureza - Universidade Estadual Paulista Júlio de Mesquita Filho,
						Conselho Nacional de Desenvolvimento Científico e Tecnológico. Orientador: Antonio Misson Godoy."
Antonio Misson Godoy,"Mirtes Irene Ariza Malagutti.
						Técnicas laboratóriais.
						1997. 0 f.
						Orientação de outra natureza - Universidade Estadual Paulista Júlio de Mesquita Filho,
						Conselho Nacional de Desenvolvimento Científico e Tecnológico. Orientador: Antonio Misson Godoy."
Antonio Misson Godoy,"Vladimir Barbosa Junior.
						Técnicas laboratoriais.
						1997. 0 f.
						Orientação de outra natureza - Universidade Estadual Paulista Júlio de Mesquita Filho,
						Conselho Nacional de Desenvolvimento Científico e Tecnológico. Orientador: Antonio Misson Godoy."
Chang Hung Kiang,"SILVA, F. P. ; CHANG, H.K. . Regionalização de diretrizes de utilização e proteção das águas subterrâneas: projeto bacias do leste. In: II Congresso Estadual de Comitês de Bacia Hidrográfica, 2010, São Pedro - SP. II Congresso Estaual de Comitês de Bacia Hidrográfica, 2010."
Chang Hung Kiang,"CHANG, H.K.. Análise de projetos submetidos ao Programa de Inovação Tecnológica em Pequenas Empresas da FAPESP. 2006.
						(Membro do Comitê de Avaliação)."
Chang Hung Kiang,"CHANG, H.K.. Comissão de Avaliação da Solicitação de Promoção para Professor Titular. 2018. Universidade Federal da Bahia."
Chang Hung Kiang,"CHANG, H.K.; SINELLI, O.; SOARES, P. C.. Comissão Especial de avaliação para promoção à Classe de Professor Titular.. 2014. Universidade Federal de Mato Grosso do Sul."
Chang Hung Kiang,"CHANG, H.K.. Comissão Examinadora do concurso para provimento de cargo de Professor Adjunto na área de Hidrogeologia do Departamento de Hidromecânica e Hidrogeologia do Instituto de Pesquisas Hidráulicas da UFRGS.
						2010. Universidade Federal do Rio Grande do Sul."
Chang Hung Kiang,"CHANG, H.K.. Comissão Examinadora do concurso para provimento de cargo de Professor Adjunto na área de Hidrogeologia do Departamento de Hidromecânica e Hidrogeologia do Instituto de Pesquisas Hidráulicas da UFRGS.
						2010. Universidade Federal do Rio Grande do Sul."
Chang Hung Kiang,"CHANG, H.K.. Comissão julgadora da seleção pública de provas e títulos para preenchimento de uma função docente junto ao Departamento de Geologia e Recursos Naturais, do Instituto de Geociências, Unicamp.
						2010. Universidade Estadual de Campinas."
Chang Hung Kiang,"CHANG, H.K.. Comissão Julgadora de Concurso Público para Professor Assistente da Matéria Geologia do Petróleo do Dept de Geologia e Geofísica Aplicada.
						2009. Universidade Federal da Bahia."
Chang Hung Kiang,"CHANG, H.K.. Comissão julgadora do concurso público para Professor Assistente da matéria Geologia do Petróleo, do Departamento de Geologia e Geofísica Aplicada do Instituto de Geociências da Universidade Federal da Bahia.
						2009. Universidade Federal da Bahia."
Chang Hung Kiang,"CHANG, H.K.. Comissão julgadora do concurso público docente, no curso de Gestão Ambiental, área Ciências da Natureza, da EACH, USP.
						2009. Universidade de São Paulo."
Chang Hung Kiang,"CHANG, H.K.. Comissão julgadora do concurso para professor doutor junto ao Departamento de Mineralogia e Geotectônica, área de conhecimento Tectonofísica Aplicada a Estudos Tectônicos, do IG, USP.
						2008. Universidade de São Paulo."
Chang Hung Kiang,"CHANG, H.K.. Comissão julgadora do concurso público para provimento de um cargo professor doutor no curso de Gestão Ambiental, área Dinâmica e História da Terra, da EACH, USP.
						2008. Universidade de São Paulo."
Chang Hung Kiang,"CHANG, H.K.. Comissão julgadora do concurso para professor doutor junto ao Departamento de Geologia Sedimentar e Ambiental área de conhecimento Hidrogeologia.
						2008. Universidade de São Paulo."
Chang Hung Kiang,"CHANG, H.K.. Comissão Examinadora do concurso público para Professor Adjunto do Departamento de Geologia da UFRN.
						2006. Universidade Federal do Rio Grande do Norte."
Chang Hung Kiang,"CHANG, H.K.. Comissão julgadora do concurso de provimento de um cargo de professor doutor na área de Geologia e Recursos Naturais do Instituto de Geociências da Universidade Estadual de Campinas ? Unicamp..
						2004. Universidade Estadual de Campinas."
Chang Hung Kiang,"CHANG, H.K.. Comissão Julgadora da Seleção Pública para preenchimento de um cargo de Professor Doutor, na disciplina Sedimentologia, Departamento de Geologia e Recursos Naturais ? IG.
						2004. Universidade Estadual de Campinas."
Chang Hung Kiang,"CHANG, H.K.. Comissão de seleção para contratação de um professor assistente nas disciplinas Geologia do Petróleo e Sedimentologia - IG.
						2003. Universidade de São Paulo."
Chang Hung Kiang,"CHANG, HUNG KIAGN; Batezelli, A; Uhlein, A; Ladeira, F S B; Giannini, P C F. Comissão Examinadora do Concurso para obtenção do título de Livre-Docente em Estratigrafia.
					2023. Universidade Estadual Paulista Júlio de Mesquita Filho."
Chang Hung Kiang,"CHANG, H.K.. Comissão Julgadora do Concurso de Provas e Títulos - Profa. Dra. Sueli Y. Pereira.
					2013. Universidade Estadual de Campinas."
Chang Hung Kiang,"CHANG, H.K.. Comissão Julgadora do concurso para obtenção do título de Livre Docente junto ao Departamento de Geologia Sedimentar e Ambiental, IG ? USP.
					2010. Universidade de São Paulo."
Chang Hung Kiang,"CHANG, H.K.; Joel Barbujiani Sigolo; Fábio Taioli; MALAGUTTI FILHO, W. Comissão julgadora do concurso para obtenção de título de Livre Docente junto ao Departamento de Geologia Sedimentar e Ambiental.
					2006. Universidade de São Paulo."
Chang Hung Kiang,"MALAGUTTI FILHO, W; DOURADO, J. C.; Fábio Taioli; Jorge Kazuo Yamamoto; RODRIGUES, J. E.; CHANG, H.K.. Comissão Examinadora do concurso para obtenção do título de Livre Docente na disciplina ""Métodos geoelétricos aplicados à hidrogeologia"" (Membro suplente).
					2006. Universidade Estadual Paulista Júlio de Mesquita Filho."
Chang Hung Kiang,"CHANG, H.K.. Comissão Examinadora do Concurso para obtenção do título de Livre-Docente, junto ao Departamento de Geologia Aplicada - IGCE.
					2005. Universidade Estadual Paulista."
Chang Hung Kiang,"CHANG, H.K.. Comissão julgadora do concurso de livre-docência do Departamento de Geologia Sedimentar e Ambiental no Instituto de Geociências da Universidade de São Paulo..
					2004. USP - Escola de Engenharia de São Carlos."
Chang Hung Kiang,"CHANG, H.K.. Comissão Julgadora do Concurso para livre docência junto ao Departamento de Hidráulica e Saneamento, na Área de Hidráulica de Águas Subterrâneas e SHS-5896, Modelos Matemáticos e Métodos Numéricos em Recursos Hídricos ? USP ? São Carlos..
					2004. USP - Escola de Engenharia de São Carlos."
Chang Hung Kiang,"CHANG, H.K.; MACHADO, R.; SANT'ANNA NETO, J. L.. Comissão de Especialistas Premio de Reconhecimento Acadêmico Zeferino Vaz-2016.
						2016.
						INSTITUTO DE GEOCÊNCIAS - UNICAMP."
Chang Hung Kiang,"CHANG, H.K.; GASTMANS, D.; OLIVA, A.. Comissão examinadora do exame de qualificação de Marcelo Martins Reis - mestrado.
						2010.
						Universidade Estadual Paulista Júlio de Mesquita Filho."
Chang Hung Kiang,"CHANG, H.K.; SILVA, F. P.; GASTMANS, D.. Comissão examinadora do exame de qualificação de Andrea Segura Franzini - mestrado.
						2009.
						Universidade Estadual Paulista Júlio de Mesquita Filho."
Chang Hung Kiang,"CHANG, H.K.; PERINOTTO, J.A.J.; KRAHENBUHL, F.M.. Comissão Examinadora do Exame de Qualificação de Carlos da Silva Rosa, nível mestrado.
						2007.
						Universidade Estadual Paulista Júlio de Mesquita Filho."
Chang Hung Kiang,"CHANG, H.K.; DOMINGOS, R.N.; KRUSCHE, A.V.. Comissão Examinadora do Exame de Qualificação de Beatriz Machado Gomes.
						2007.
						Universidade Estadual Paulista Júlio de Mesquita Filho."
Chang Hung Kiang,"CHANG, H.K.; VIDAL, A. C.; SILVA, F. P.. Comissão Examinadora do Exame de Qualificação de Marcia Regina Stradioto.
						2006.
						Universidade Estadual Paulista Júlio de Mesquita Filho."
Chang Hung Kiang,"SINELLI, O.; CHANG, H.K.; VIDAL, A. C.. Comissão Examinadora do Exame de Qualificação de Elias Hideo Teramoto, nível mestrado.
						2006.
						Universidade Estadual Paulista Júlio de Mesquita Filho."
Chang Hung Kiang,"CHANG, H.K.; SILVA, F. P.; VIDAL, A. C.. Comissão Examinadora do Exame geral de Qualificação de Dagmar Carnier Neto, em nível de mestrado.
						2005.
						Universidade Estadual Paulista Júlio de Mesquita Filho."
Chang Hung Kiang,II Congresso Estadual de Comitês de Bacia Hidrográfica. Regionalização de diretrizes de utilização e proteção das águas subterrâneas: projeto bacias do leste. 2010. (Congresso).
Chang Hung Kiang,"CHANG, H.K.. Membro da Comissão Organizadora do XVI Congresso Brasileiro de Águas Subterrâneas e XVII Encontro Nacional de Perfuradores de Poços.. 2010. (Congresso)."
Chang Hung Kiang,"CHANG, H.K.. Membro do Comitê do I CIMAS. 2009. (Congresso)."
Chang Hung Kiang,"CHANG, H.K.; TREVISAN, O. V. ; BASILICI, G. ; PORSANI, M.J. ; TYGEL, M. ; CASTRO, J.C. . Membro do Comitê Científico do 4º Congresso Brasileiro de P & D em Petróleo e Gás. 2007. (Congresso)."
Chang Hung Kiang,"CHANG, H.K.; ROSA FILHO, E.F. ; BOZ FILHO, J. . Membro da Comissão Técnico-Científica do XIV Congresso Brasileiro de Águas Subterrâneas. 2006. (Congresso)."
Chang Hung Kiang,"CHANG, H.K.. Membro da Comissão Organizadora do Seminário Aquífero Guarani. 2003. (Outro)."
Chang Hung Kiang,"Márcio Costa Alberto. Fluxo de Água Subterrânea em Sistema encosta-Rio, Município de Paulínia (SP).
						2005.

					Dissertação  (Mestrado em Geociências e Meio Ambiente)  - Universidade Estadual Paulista Júlio de Mesquita Filho, Conselho Nacional de Desenvolvimento Científico e Tecnológico. Orientador: Chang Hung Kiang."
Chang Hung Kiang,"Eliana Martins Pereira.
						2007. Instituto de Geociências e Ciências Exatas, Conselho Nacional de Desenvolvimento Científico e Tecnológico. Chang Hung Kiang."
Chang Hung Kiang,"Alice Dutra Soares.
						Contaminação por DNAPL no Estado de São Paulo.
						2022.
						Monografia. (Aperfeiçoamento/Especialização em GESTÃO DE RECURSOS HÍDRICOS E GERENCIAMENTO DE ÁREAS CONTAMINADAS)  - CEA - CENTRO DE ESTUDOS AMBIENTAIS - UNESP,
						Comitês das Bacias Hidrográficas dos Rios Piracicaba, Capivari e Jundiaí. Orientador: Chang Hung Kiang."
Chang Hung Kiang,"Bruno Santiago Avelar Cuellar.
						ENSAIO DE BOMBEAMENTO EM POÇO TUBULAR PROFUNDO NÃO CONFINADO DO SISTEMA AQUÍFERO GUARANI (SAG), EM ARARAQUARA (SP).
						2022.
						Monografia. (Aperfeiçoamento/Especialização em GESTÃO DE RECURSOS HÍDRICOS E GERENCIAMENTO DE ÁREAS CONTAMINADAS)  - CEA - CENTRO DE ESTUDOS AMBIENTAIS - UNESP,
						Comitês das Bacias Hidrográficas dos Rios Piracicaba, Capivari e Jundiaí. Orientador: Chang Hung Kiang."
César Augusto Moreira,"MOREIRA, C A; GODOY, L. H. ; SARDINHA, D. S. ; DEL ROVERI, C. . Caracterização geofísica em aterro de resíduos sólidos para avaliação de condicionantes de instabilidade geotécnica. In: I Congresso Brasileiro sobre Desastres Naturais, 2012, Rio Claro - SP. Resumos do I Congresso Brasileiro sobre Desastres Naturais. Rio Claro  - SP: Comissão organizadora do I CBDN, 2012. v. 1. p. 1-12."
César Augusto Moreira,"Moraes, M. N.; MOREIRA, C.A.; KISCH, A.. Comissão julgadora de concurso publico de provas e títulos para Professor Adjunto A - DE - Topografia.
						2015. Universidade Federal de São Carlos."
César Augusto Moreira,"MOREIRA, C A; ALMEIDA, M. G. G.; MENEZES, D. B.. Comissão julgadora de concurso publico de provas e títulos para Professor Adjunto A - DE - Geotecnia.
						2015. Universidade Federal de São Carlos."
César Augusto Moreira,"MOREIRA, C A; WESCHENFELDER, Jair; HORN, Norberto Filho. Comissão julgadora de concurso público para provimento da vaga de Professor Assistente na area de Estratigrafia e Sedimentologia.
						2010. Universidade Federal do Pampa."
César Augusto Moreira,XXV Congresso de Iniciação Científica - CIC - 1o Fase. Avaliador do Comitê de Geologia. 2013. (Congresso).
César Augusto Moreira,"Ana Flávia da Silva Araujo. Modelamento estrutural e geofísico entre as minas da Barita e João Dahne (Cu-Ag), escudo Sul-Riograndense (RS).
					Início: 2024.
					Dissertação (Mestrado em Geociências e Meio Ambiente)  - Universidade Estadual Paulista Júlio de Mesquita Filho, Conselho Nacional de Desenvolvimento Científico e Tecnológico. (Orientador)."
César Augusto Moreira,"Larissa Tinti Castellano. Diagnóstico hidrogeofísico para fins de captação de água subterrânea em área de citricultura (Fazenda São Carlos ? Nova Europa ? SP). Início: 2024. Iniciação científica (Graduando em Geologia)  - Universidade Estadual Paulista Júlio de Mesquita Filho, Conselho Nacional de Desenvolvimento Científico e Tecnológico. (Orientador)."
César Augusto Moreira,"Isabela Oliveira Gouveia. Levantamento geofísico pelo método da gamaespectrometria como guia prospectivo em ocorrências de cobre no Escudo Sul-Rio-Grandense. Início: 2024. Iniciação científica (Graduando em Geologia)  - Universidade Estadual Paulista Júlio de Mesquita Filho, Conselho Nacional de Desenvolvimento Científico e Tecnológico. (Orientador)."
César Augusto Moreira,"Fernanda Miranda de Siqueira Buchi. Diagnóstico geofísico da percolação de drenagem ácida de mina em aquífero fraturado.
						2023.

					Dissertação  (Mestrado em Geociências e Meio Ambiente)  - Universidade Estadual Paulista Júlio de Mesquita Filho, Conselho Nacional de Desenvolvimento Científico e Tecnológico. Orientador: César Augusto Moreira."
César Augusto Moreira,"Fernanda Cavallari. Caracterização geofísica de contaminação por hidrocarbonetos em acidente ferroviário no munícipio de Botucatu (SP).
						2017.

					Dissertação  (Mestrado em Geociências e Meio Ambiente)  - Universidade Estadual Paulista Júlio de Mesquita Filho, Conselho Nacional de Desenvolvimento Científico e Tecnológico. Orientador: César Augusto Moreira."
César Augusto Moreira,"Matheus Felipe Stanfoca Casagrande.
						Estudo da função ecológica e hidrogeológica de áreas úmidas em regiões de cultivo de cana-de-açúcar.
						2023. Tese
					 (Doutorado em Geociências e Meio Ambiente)  - Universidade Estadual Paulista Júlio de Mesquita Filho, Conselho Nacional de Desenvolvimento Científico e Tecnológico. Orientador: César Augusto Moreira."
César Augusto Moreira,"Livia Portes Innocente Helene.
						Dinâmica de geração e fluxo de chorume em aterro sanitário a partir de monitoramento geofísico e análise dos condicionantes físico-químicos.
						2019. Tese
					 (Doutorado em Geociências e Meio Ambiente)  - Universidade Estadual Paulista Júlio de Mesquita Filho, Conselho Nacional de Desenvolvimento Científico e Tecnológico. Orientador: César Augusto Moreira."
César Augusto Moreira,"Renata Bovi.
						2018. Universidade Estadual Paulista Júlio de Mesquita Filho, Conselho Nacional de Desenvolvimento Científico e Tecnológico. César Augusto Moreira."
César Augusto Moreira,"Ana Júlia Traíba da Silveira.
						Diagnóstico de fluxo subterrâneo de drenagem ácida de mina em rejeitos de mineração de urânio.
						2022.
						Trabalho de Conclusão de Curso. (Graduação em Engenharia Ambiental)  - Universidade Estadual Paulista Júlio de Mesquita Filho,
						Conselho Nacional de Desenvolvimento Científico e Tecnológico. Orientador: César Augusto Moreira."
César Augusto Moreira,"Bruna Viana Sampaio.
						Estudo da dispersão de elementos radioativos em cava de mina a céu aberto por meio de levantamento gamaespectrométrico.
						2022.
						Trabalho de Conclusão de Curso. (Graduação em Geologia)  - Universidade Estadual Paulista Júlio de Mesquita Filho,
						Conselho Nacional de Desenvolvimento Científico e Tecnológico. Orientador: César Augusto Moreira."
César Augusto Moreira,"Bruna Viana Sampaio.
						Estudo da geração de drenagem ácida em mina a céu aberto por meio de análise geoestatística e gamaespectométrica.
						2021.
						Trabalho de Conclusão de Curso. (Graduação em Geologia)  - Universidade Estadual Paulista Júlio de Mesquita Filho,
						Conselho Nacional de Desenvolvimento Científico e Tecnológico. Orientador: César Augusto Moreira."
César Augusto Moreira,"Samuel Siqueira Reis.
						Prospecção geofísica em área de ocorrência de manganês supergênico na região de Heliodora, sul de Minas Gerais.
						2015.
						Trabalho de Conclusão de Curso. (Graduação em Geologia)  - Universidade Estadual Paulista Júlio de Mesquita Filho,
						Conselho Nacional de Desenvolvimento Científico e Tecnológico. Orientador: César Augusto Moreira."
César Augusto Moreira,"Alice Marques Pereira.
						Caracterização Geoelétrica do Gabro Santa Catarina, município de São Sepé (RS).
						2011.
						Trabalho de Conclusão de Curso. (Graduação em Geofísica)  - Universidade Federal do Pampa,
						Conselho Nacional de Desenvolvimento Científico e Tecnológico. Orientador: César Augusto Moreira."
César Augusto Moreira,"Vanessa Puerta.
						Diagnóstico de fluxo subterrâneo de drenagem ácida de mina em rejeitos de mineração de urânio.
						2024.
						Iniciação Científica. (Graduando em Geologia)  - Universidade Estadual Paulista Júlio de Mesquita Filho,
						Conselho Nacional de Desenvolvimento Científico e Tecnológico. Orientador: César Augusto Moreira."
César Augusto Moreira,"Larissa Tinti Castellano.
						Levantamento estrutural  e geofísico para reconhecimento de zonas de fluxo em bacias de estabilização química em mina de urânio.
						2024.
						Iniciação Científica. (Graduando em Geologia)  - Universidade Estadual Paulista Júlio de Mesquita Filho,
						Conselho Nacional de Desenvolvimento Científico e Tecnológico. Orientador: César Augusto Moreira."
César Augusto Moreira,"Larissa Tinti Castellano.
						Levantamento estrutural e geofísico para reconhecimento de zonas de fluxo em bacias de estabilização química em mina de urânio.
						2024.
						Iniciação Científica. (Graduando em Geologia)  - Universidade Estadual Paulista Júlio de Mesquita Filho,
						Conselho Nacional de Desenvolvimento Científico e Tecnológico. Orientador: César Augusto Moreira."
César Augusto Moreira,"Vanessa Puerta.
						Diagnóstico de fluxo subterrâneo de drenagem ácida de mina em rejeitos de mineração de urânio.
						2024.
						Iniciação Científica. (Graduando em Geologia)  - Universidade Estadual Paulista Júlio de Mesquita Filho,
						Conselho Nacional de Desenvolvimento Científico e Tecnológico. Orientador: César Augusto Moreira."
César Augusto Moreira,"Bruna Viana Sampaio.
						Diagnóstico geofísico em cava de mina afetada por processo de drenagem ácida na Mina Osamu Utsumi, Caldas - MG.
						2022.
						Iniciação Científica. (Graduando em Geologia)  - Universidade Estadual Paulista Júlio de Mesquita Filho,
						Conselho Nacional de Desenvolvimento Científico e Tecnológico. Orientador: César Augusto Moreira."
César Augusto Moreira,"Fernanda Loebel Braido.
						Estudo de emanações radioativas em pilha de rejeito de mineração de urânio a partir de levantamento geofísico.
						2022.
						Iniciação Científica. (Graduando em Geologia)  - Universidade Estadual Paulista Júlio de Mesquita Filho,
						Conselho Nacional de Desenvolvimento Científico e Tecnológico. Orientador: César Augusto Moreira."
César Augusto Moreira,"Ana Carolina Gonçalves dos Santos.
						Estudo radiométrico e geológico em mina de urânio a céu aberto afetada por drenagem ácida de mina.
						2022.
						Iniciação Científica. (Graduando em Engenharia Ambiental)  - Universidade Estadual Paulista Júlio de Mesquita Filho,
						Conselho Nacional de Desenvolvimento Científico e Tecnológico. Orientador: César Augusto Moreira."
César Augusto Moreira,"Julya Paes de Souza.
						Diagnóstico de fluxo subterrâneo de drenagem ácida de mina em rejeitos de mineração de Urânio.
						2022.
						Iniciação Científica. (Graduando em Engenharia Ambiental)  - Universidade Estadual Paulista Júlio de Mesquita Filho,
						Conselho Nacional de Desenvolvimento Científico e Tecnológico. Orientador: César Augusto Moreira."
César Augusto Moreira,"Bruna Viana Sampaio.
						Estudo radiométrico e geológico em mina de urânio a céu aberto afetada por drenagem ácida de mina.
						2021.
						Iniciação Científica. (Graduando em Geologia)  - Universidade Estadual Paulista Júlio de Mesquita Filho,
						Conselho Nacional de Desenvolvimento Científico e Tecnológico. Orientador: César Augusto Moreira."
César Augusto Moreira,"Ana Julia Traíba da Silveira.
						Diagnóstico de fluxo subterrâneo de drenagem ácida de mina em rejeitos de mineração de Urânio.
						2021.
						Iniciação Científica. (Graduando em Engenharia Ambiental)  - Universidade Estadual Paulista Júlio de Mesquita Filho,
						Conselho Nacional de Desenvolvimento Científico e Tecnológico. Orientador: César Augusto Moreira."
César Augusto Moreira,"Rebeca de Marchi Lourenço.
						Diagnóstico geofísico de áreas potencialmente contaminadas na Mineração Santo Antônio, Mogi Mirim (SP).
						2020.
						Iniciação Científica. (Graduando em Engenharia Ambiental)  - Universidade Estadual Paulista Júlio de Mesquita Filho,
						Conselho Nacional de Desenvolvimento Científico e Tecnológico. Orientador: César Augusto Moreira."
César Augusto Moreira,"Fernanda Miranda de Siqueira Buchi.
						Diagnóstico geofísico em pilha de estéril afetada por processo de drenagem ácida em mina de Urânio.
						2020.
						Iniciação Científica. (Graduando em Geologia)  - Universidade Estadual Paulista Júlio de Mesquita Filho,
						Conselho Nacional de Desenvolvimento Científico e Tecnológico. Orientador: César Augusto Moreira."
César Augusto Moreira,"Fernanda Loebel Braido.
						Estudo de emanações radioativas em pilhas de rejeito de mineração de Urânio a partir de levantamento geofísico.
						2020.
						Iniciação Científica. (Graduando em Geologia)  - Universidade Estadual Paulista Júlio de Mesquita Filho,
						Conselho Nacional de Desenvolvimento Científico e Tecnológico. Orientador: César Augusto Moreira."
César Augusto Moreira,"Anna Carolina Gastmaier Marques.
						Diagnóstico geofísico e hidrogeológico nos arredores de uma lagoa natural posicionada num loteamento residencial.
						2018.
						Iniciação Científica. (Graduando em Engenharia Ambiental)  - Universidade Estadual Paulista Júlio de Mesquita Filho,
						Conselho Nacional de Desenvolvimento Científico e Tecnológico. Orientador: César Augusto Moreira."
César Augusto Moreira,"Matheus Mistrinel Pacine Feitoza do Nascimento.
						Análise estrutural e geofísica no embasamento de barragem de rejeitos na mina Osamu Utsumi, Poços de Caldas (MG).
						2018.
						Iniciação Científica. (Graduando em Geologia)  - Universidade Estadual Paulista Júlio de Mesquita Filho,
						Conselho Nacional de Desenvolvimento Científico e Tecnológico. Orientador: César Augusto Moreira."
César Augusto Moreira,"Rômulo Bortolozzo.
						Reconhecimento geológico e levantamento estrutural em depósito de manganês na região de Natércia (MG).
						2016.
						Iniciação Científica. (Graduando em Geologia)  - Universidade Estadual Paulista Júlio de Mesquita Filho,
						Conselho Nacional de Desenvolvimento Científico e Tecnológico. Orientador: César Augusto Moreira."
César Augusto Moreira,"Samuel Siqueira Reis.
						Reconhecimento geológico e levantamento estrutural em depósito de manganês na região de Natércia (MG).
						2015.
						Iniciação Científica. (Graduando em Geologia)  - Universidade Estadual Paulista Júlio de Mesquita Filho,
						Conselho Nacional de Desenvolvimento Científico e Tecnológico. Orientador: César Augusto Moreira."
César Augusto Moreira,"Alan Carrara.
						Analise estatística entre vazões em poços rasos e medidas geofísicas em aquífero livre.
						2015.
						Iniciação Científica. (Graduando em Engenharia Ambiental)  - Universidade Estadual Paulista Júlio de Mesquita Filho,
						Conselho Nacional de Desenvolvimento Científico e Tecnológico. Orientador: César Augusto Moreira."
César Augusto Moreira,"Glauber Matheus Lira Vieira.
						Analise estatística entre dados geofísicos e teores de minerio de manganês de origem supergênica.
						2014.
						Iniciação Científica. (Graduando em Geologia)  - Universidade Estadual Paulista Júlio de Mesquita Filho,
						Conselho Nacional de Desenvolvimento Científico e Tecnológico. Orientador: César Augusto Moreira."
César Augusto Moreira,"Fernanda Cavallari.
						Medidas de potencial elétrico em aterro sanitário.
						2014.
						Iniciação Científica. (Graduando em Engenharia Ambiental)  - Universidade Estadual Paulista Júlio de Mesquita Filho,
						Conselho Nacional de Desenvolvimento Científico e Tecnológico. Orientador: César Augusto Moreira."
César Augusto Moreira,"Alan Carrara.
						Analise estatística entre vazões em poços rasos e medidas geofísicas em aquífero livre.
						2014.
						Iniciação Científica. (Graduando em Engenharia Ambiental)  - Universidade Estadual Paulista Júlio de Mesquita Filho,
						Conselho Nacional de Desenvolvimento Científico e Tecnológico. Orientador: César Augusto Moreira."
César Augusto Moreira,"Fernanda Cavallari.
						Correlação entre dados de potencial elétrico natural, vazão de biogás e pluviosidade para o aterro sanitário de Rio Claro - SP.
						2014.
						Iniciação Científica. (Graduando em Engenharia Ambiental)  - Universidade Estadual Paulista Júlio de Mesquita Filho,
						Conselho Nacional de Desenvolvimento Científico e Tecnológico. Orientador: César Augusto Moreira."
César Augusto Moreira,"Glauber Matheus Lira Vieira.
						Caracterização petrofísica e geotécnica de horizontes de solo mineralizados em manganês.
						2012.
						Iniciação Científica. (Graduando em Geologia)  - Universidade Estadual Paulista Júlio de Mesquita Filho,
						Conselho Nacional de Desenvolvimento Científico e Tecnológico. Orientador: César Augusto Moreira."
César Augusto Moreira,"Alice Marques Pereira.
						Estudo geofísico em depósito de cobre alojado em sedimentos do Grupo Marica (Ediacariano), Bacia Sedimentar do Camaquã (RS).
						2011.
						Iniciação Científica. (Graduando em Geofísica)  - Universidade Federal do Pampa,
						Conselho Nacional de Desenvolvimento Científico e Tecnológico. Orientador: César Augusto Moreira."
Daniel Marcos Bonotto,"BONOTTO, D. M.. Comissão de Avaliação do Processo de Promoção por Mérito do
                      Instituto de Geociências. 2012. Universidade Estadual de Campinas."
Daniel Marcos Bonotto,"BONOTTO, D. M.. Comissão de Avaliação do Processo de Promoção por Mérito da
                      Carreira do Magistério Superior da USP. 2012. Universidade de São Paulo."
Daniel Marcos Bonotto,"Bonotto, D.M.. Membro do Comitê Organizador do II Workshop de Espectrometria de Massas Inorgânica.
                      2017. (Congresso)."
Daniel Marcos Bonotto,"Bonotto, D.M.. Comitê Técnico Científico do ""XIII Congresso de Geoquímica dos Paises de Lingua
                      Portuguesa"". 2016. (Congresso)."
Daniel Marcos Bonotto,"Isabella Gumiero Lee. Estudo hidroquímico do Rio Alambari no município de São José dos
                      Campos (SP). 2021. Dissertação (Mestrado em Geociencias (Geociencias e Meio-Ambiente)) -
                      Universidade Estadual Paulista Júlio de Mesquita Filho, Conselho Nacional de
                      Desenvolvimento Científico e Tecnológico. Orientador: Daniel Marcos Bonotto."
Daniel Marcos Bonotto,"João Pedro Massari de Mello. Estudo geoquímico e cronológico (Pb-210) de sedimentos da
                      bacia hidrográfica do Rio Alambari em São José dos Campos (SP). 2021. Dissertação
                      (Mestrado em Geociencias (Geociencias e Meio-Ambiente)) - Universidade Estadual Paulista
                      Júlio de Mesquita Filho, Conselho Nacional de Desenvolvimento Científico e Tecnológico.
                      Orientador: Daniel Marcos Bonotto."
Daniel Marcos Bonotto,"Juliana Aparecida Galhardi. O Rn-222 em área contaminada por hidrocarbonetos na região
                      de Santa Bárbara d´Oeste (SP). 2012. Dissertação (Mestrado em Geologia Regional) -
                      Universidade Estadual Paulista Júlio de Mesquita Filho, Conselho Nacional de
                      Desenvolvimento Científico e Tecnológico. Orientador: Daniel Marcos Bonotto."
Daniel Marcos Bonotto,"Ana Clara Butelli Fianco. Concentrações de radônio nas águas subterrâneas, rochas e
                      solos de Porto Alegre, RS. 2011. Dissertação (Mestrado em Geociências) - Universidade
                      Federal do Rio Grande do Sul, Conselho Nacional de Desenvolvimento Científico e
                      Tecnológico. Coorientador: Daniel Marcos Bonotto."
Daniel Marcos Bonotto,"Paulo Giovany Quadros do Amaral. Caracterização radiométrica e de exalação de radônio
                      em rochas ornamentais silicáticas beneficiadas no Estado do Espírito Santo. 2011.
                      Dissertação (Mestrado em Geologia Regional) - Universidade Estadual Paulista Júlio de
                      Mesquita Filho, Conselho Nacional de Desenvolvimento Científico e Tecnológico.
                      Coorientador: Daniel Marcos Bonotto."
Daniel Marcos Bonotto,"Carlos Pinto Fracalossi. Uso da termocronologia por traços de fissão em apatita no
                      reconhecimento de áreas de recarga e análises isotópicas de U234/U238 em águas
                      subterrâneas do aqüífero Itararé no município de Americana (SP). 2007. Dissertação
                      (Mestrado em Geociencias - Geologia Regional(Rc)) - Universidade Estadual Paulista Júlio
                      de Mesquita Filho, Conselho Nacional de Desenvolvimento Científico e Tecnológico.
                      Coorientador: Daniel Marcos Bonotto."
Daniel Marcos Bonotto,"CYNTHIA ROMARIZ DUARTE. Relaçoes Radiometricas e Isotopicas Na Area do Projeto Rio
                      Preto (Go). 1998. Dissertação - Universidade Estadual Paulista Júlio de Mesquita Filho,
                      Conselho Nacional de Desenvolvimento Científico e Tecnológico. Orientador: Daniel Marcos
                      Bonotto."
Daniel Marcos Bonotto,"ERICA MARTINI TONETTO. O Torio Em Aguas Subterraneas de Aguas da Prata (Sp). 1997.
                      Dissertação - Instituto de Geociências e Ciências Exatas de Rio Claro, Conselho Nacional
                      de Desenvolvimento Científico e Tecnológico. Orientador: Daniel Marcos Bonotto."
Daniel Marcos Bonotto,"JORGE LUIS NEPOMUCENO DE LIMA. Implementacao de Metodologia Para A Mensuracao de Rn-222
                      e Sua Aplicacao No Estudo da Radioatividade das Aguas de Aguas da Prata. 1994.
                      Dissertação - Instituto de Geociências e Ciências Exatas de Rio Claro, Conselho Nacional
                      de Desenvolvimento Científico e Tecnológico. Orientador: Daniel Marcos Bonotto."
Daniel Marcos Bonotto,"Leonardo Alfredo Salim. Radônio em área de extração de carvão mineral no município de
                      Figueira (PR). 2018. Tese (Doutorado em Geociencias (Geociencias e Meio-Ambiente)) -
                      Universidade Estadual Paulista Júlio de Mesquita Filho, Conselho Nacional de
                      Desenvolvimento Científico e Tecnológico. Orientador: Daniel Marcos Bonotto."
Daniel Marcos Bonotto,"Fanny Roxana Mamani Matamet. Uso do Pb-210 na cronologia da contaminação de cromo em
                      sedimentos do Ribeirão dos Bagres, região de Franca (SP). 2013. Tese (Doutorado em
                      Geociências e Meio Ambiente) - Universidade Estadual Paulista Júlio de Mesquita Filho,
                      Conselho Nacional de Desenvolvimento Científico e Tecnológico. Orientador: Daniel Marcos
                      Bonotto."
Daniel Marcos Bonotto,"Fabio Tadeu Lazzerini. Fontes hidrominerais do Brasil: componentes biologicamente
                      ativos (BAC) naturais. 2013. Tese (Doutorado em Geologia Regional) - Universidade
                      Estadual Paulista Júlio de Mesquita Filho, Conselho Nacional de Desenvolvimento
                      Científico e Tecnológico. Orientador: Daniel Marcos Bonotto."
Daniel Marcos Bonotto,"Thiago de Oliveira Santos. Estudo hidroquímico e radiométrico do aqüífero Bauru em São
                      José do Rio Preto (SP). 2013. Tese (Doutorado em Geologia Regional) - Universidade
                      Estadual Paulista Júlio de Mesquita Filho, Conselho Nacional de Desenvolvimento
                      Científico e Tecnológico. Orientador: Daniel Marcos Bonotto."
Daniel Marcos Bonotto,"Diego de Souza Sardinha. Avaliação da taxa de intemperismo químico na bacia do Rio Jaú
                      (SP). 2011. Tese (Doutorado em Geologia Regional) - Universidade Estadual Paulista Júlio
                      de Mesquita Filho, Conselho Nacional de Desenvolvimento Científico e Tecnológico.
                      Orientador: Daniel Marcos Bonotto."
Daniel Marcos Bonotto,"Tatiani de Paula Pinotti Sabaris. O método geocronológico do Pb-210 aplicado no estudo
                      da taxa de sedimentação em uma porção da bacia do Rio Atibaia (SP). 2010. Tese
                      (Doutorado em Geologia Regional) - Universidade Estadual Paulista Júlio de Mesquita
                      Filho, Conselho Nacional de Desenvolvimento Científico e Tecnológico. Orientador: Daniel
                      Marcos Bonotto."
Daniel Marcos Bonotto,"José Reinaldo Cardoso Nery. Determinação da taxa de sedimentação na foz do Rio Amazonas
                      usando o Pb-210 como geocronômetro. 2009. 0 f. Tese (Doutorado em Geologia Regional) -
                      Universidade Estadual Paulista Júlio de Mesquita Filho, Conselho Nacional de
                      Desenvolvimento Científico e Tecnológico. Orientador: Daniel Marcos Bonotto."
Daniel Marcos Bonotto,"Claudia Lopes de Moura. Radioatividade natural e emanação de Rn-222 em rochas
                      ornamentais provenientes de diferentes séries magmáticas utilizadas como revestimento
                      interno. 2005. 195 f. Tese (Doutorado em Geologia Regional) - Universidade Estadual
                      Paulista Júlio de Mesquita Filho, Conselho Nacional de Desenvolvimento Científico e
                      Tecnológico. Coorientador: Daniel Marcos Bonotto."
Daniel Marcos Bonotto,"Luis Henrique Mancini. Migração de Ra-226 e Ra-228 nas águas superficiais e
                      subterrâneas do Barreiro de Araxá (MG). 2002. 197 f. Tese (Doutorado em Geociências e
                      Meio Ambiente) - Universidade Estadual Paulista Júlio de Mesquita Filho, Conselho
                      Nacional de Desenvolvimento Científico e Tecnológico. Orientador: Daniel Marcos Bonotto."
Daniel Marcos Bonotto,"Cynthia Romariz Duarte. Radioelementos naturais na área do projeto Rio Preto (GO).
                      2002. 169 f. Tese (Doutorado em Geologia Regional) - Universidade Estadual Paulista
                      Júlio de Mesquita Filho, Conselho Nacional de Desenvolvimento Científico e Tecnológico.
                      Orientador: Daniel Marcos Bonotto."
Daniel Marcos Bonotto,"Marina Lunardi. 2024. Universidade Estadual Paulista Júlio de Mesquita Filho, Conselho
                      Nacional de Desenvolvimento Científico e Tecnológico. Daniel Marcos Bonotto."
Daniel Marcos Bonotto,"Ene Glória da Silveira. 2009. Universidade Estadual Paulista Júlio de Mesquita Filho,
                      Conselho Nacional de Desenvolvimento Científico e Tecnológico. Daniel Marcos Bonotto."
Daniel Marcos Bonotto,"Pietro Demattê Avona. Estudo hidroquímico e radiométrico de águas subterrâneas da
                      estância hidromineral de Serra Negra (SP). 2021. Trabalho de Conclusão de Curso.
                      (Graduação em Geologia) - Universidade Estadual Paulista Júlio de Mesquita Filho,
                      Conselho Nacional de Desenvolvimento Científico e Tecnológico. Orientador: Daniel Marcos
                      Bonotto."
Daniel Marcos Bonotto,"Lucas Souza Venciguerra. Isótopos naturais de urânio em sedimentos de fundo como
                      ferramenta de análise ambiental da bacia hidrográfica do rio Pardo, estado de SP. 2021.
                      Trabalho de Conclusão de Curso. (Graduação em Geologia) - Universidade Estadual Paulista
                      Júlio de Mesquita Filho, Conselho Nacional de Desenvolvimento Científico e Tecnológico.
                      Orientador: Daniel Marcos Bonotto."
Daniel Marcos Bonotto,"André Ponce Figols. O método geocronológico do Pb-210 aplicado no estudo da gênese de
                      espeleotemas areníticos na Serra de Itaqueri ? SP. 2019. Trabalho de Conclusão de Curso.
                      (Graduação em Geologia) - Universidade Estadual Paulista Júlio de Mesquita Filho,
                      Conselho Nacional de Desenvolvimento Científico e Tecnológico. Orientador: Daniel Marcos
                      Bonotto."
Daniel Marcos Bonotto,"Ana Maria Marinello Assis de Oliveira. Radioatividade natural devido ao Po-210 em águas
                      subterrâneas de estâncias hidrominerais do sudeste brasileiro. 2018. Trabalho de
                      Conclusão de Curso. (Graduação em Geologia) - Universidade Estadual Paulista Júlio de
                      Mesquita Filho, Conselho Nacional de Desenvolvimento Científico e Tecnológico.
                      Orientador: Daniel Marcos Bonotto."
Daniel Marcos Bonotto,"Gabriella Luiza Lirola. Uso de radionuclídeos naturais no estudo da taxa de
                      sedimentação e processos erosivos. 2017. Trabalho de Conclusão de Curso. (Graduação em
                      Engenharia Ambiental) - Universidade Estadual Paulista Júlio de Mesquita Filho, Conselho
                      Nacional de Desenvolvimento Científico e Tecnológico. Orientador: Daniel Marcos Bonotto."
Daniel Marcos Bonotto,"Carlos Alberto dos Santos. Radioatividade e hidroquímica em águas subterrâneas do
                      município de Botucatu (SP). 2011. Trabalho de Conclusão de Curso. (Graduação em
                      Engenharia Ambiental) - Universidade Estadual Paulista Júlio de Mesquita Filho, Conselho
                      Nacional de Desenvolvimento Científico e Tecnológico. Orientador: Daniel Marcos Bonotto."
Daniel Marcos Bonotto,"Felipe Mangili Lara. O radônio dissolvido em águas subterrâneas do município de
                      Ribeirão Preto (SP). 2011. Trabalho de Conclusão de Curso. (Graduação em Engenharia
                      Ambiental) - Universidade Estadual Paulista Júlio de Mesquita Filho, Conselho Nacional
                      de Desenvolvimento Científico e Tecnológico. Orientador: Daniel Marcos Bonotto."
Daniel Marcos Bonotto,"Vinicius Cardoso Ottani. Metodologia analítica para determinação de torônio nas águas.
                      2010. Trabalho de Conclusão de Curso. (Graduação em fisica) - Universidade Estadual
                      Paulista Júlio de Mesquita Filho, Conselho Nacional de Desenvolvimento Científico e
                      Tecnológico. Orientador: Daniel Marcos Bonotto."
Daniel Marcos Bonotto,"Thiago Oliveira Santos. Estudo sobre a radioatividade devido o radônio em águas do
                      Aqüífero Guarani. 2008. Trabalho de Conclusão de Curso. (Graduação em Geologia) -
                      Universidade Estadual Paulista Júlio de Mesquita Filho, Conselho Nacional de
                      Desenvolvimento Científico e Tecnológico. Orientador: Daniel Marcos Bonotto."
Daniel Marcos Bonotto,"Carlos Roberto Alves Fonseca Filho. O método do desequilíbrio isotópico do urânio
                      aplicado a processos intempéricos. 2008. Trabalho de Conclusão de Curso. (Graduação em
                      Geologia) - Universidade Estadual Paulista Júlio de Mesquita Filho, Conselho Nacional de
                      Desenvolvimento Científico e Tecnológico. Orientador: Daniel Marcos Bonotto."
Daniel Marcos Bonotto,"Danilo Amorim Catalán. Estudo da radioatividade em águas subterrâneas devido o polônio
                      (210Po). 2008. Trabalho de Conclusão de Curso. (Graduação em Engenharia Ambiental) -
                      Universidade Estadual Paulista Júlio de Mesquita Filho, Conselho Nacional de
                      Desenvolvimento Científico e Tecnológico. Orientador: Daniel Marcos Bonotto."
Daniel Marcos Bonotto,"Priscilla Cardoso Padron Armada. Variabilidade temporal de radônio no aqüífero Guarani.
                      2004. 64 f. Trabalho de Conclusão de Curso. (Graduação em Geologia) - Universidade
                      Estadual Paulista Júlio de Mesquita Filho, Conselho Nacional de Desenvolvimento
                      Científico e Tecnológico. Orientador: Daniel Marcos Bonotto."
Daniel Marcos Bonotto,"Sammy Sampaio Sieber. Histórico da contaminação por metais pesados em sedimentos de
                      fundo do Rio Corumbataí com o uso do chumbo-210 como geocronômetro. 2002. 89 f. Trabalho
                      de Conclusão de Curso. (Graduação em Geologia) - Universidade Estadual Paulista Júlio de
                      Mesquita Filho, Conselho Nacional de Desenvolvimento Científico e Tecnológico.
                      Orientador: Daniel Marcos Bonotto."
Daniel Marcos Bonotto,"Lucas Souza Venciguerra. Estudo de sedimentos de fundo da bacia hidrográfica do Rio
                      Pardo através do desequilíbrio isotópico do Urânio. 2020. Iniciação Científica.
                      (Graduando em Geologia) - Universidade Estadual Paulista Júlio de Mesquita Filho,
                      Conselho Nacional de Desenvolvimento Científico e Tecnológico. Orientador: Daniel Marcos
                      Bonotto."
Daniel Marcos Bonotto,"Pietro Demattê Avona. Radioatividade alfa e beta global em águas potáveis do município
                      de Serra Negra (SP). 2020. Iniciação Científica. (Graduando em Geologia) - Universidade
                      Estadual Paulista Júlio de Mesquita Filho, Conselho Nacional de Desenvolvimento
                      Científico e Tecnológico. Orientador: Daniel Marcos Bonotto."
Daniel Marcos Bonotto,"Gabrielle Roveratti Ceccato. Técnicas analíticas radiométricas em Geociências. 2019.
                      Iniciação Científica. (Graduando em Engenharia Elétrica) - Claretiano Centro
                      Universitário, Conselho Nacional de Desenvolvimento Científico e Tecnológico.
                      Orientador: Daniel Marcos Bonotto."
Daniel Marcos Bonotto,"Ana Maria Marinello Assis de Oliveira. Radioatividade devido ao Polônio dissolvido em
                      águas de estâncias hidrominerais do sudeste brasileiro. 2018. Iniciação Científica.
                      (Graduando em Geologia) - Universidade Estadual Paulista Júlio de Mesquita Filho,
                      Conselho Nacional de Desenvolvimento Científico e Tecnológico. Orientador: Daniel Marcos
                      Bonotto."
Daniel Marcos Bonotto,"Gabriella Luiza Lirola. O Be-7 aplicado no estudo da taxa de sedimentação e processos
                      erosivos. 2017. Iniciação Científica. (Graduando em Engenharia Ambiental) - Universidade
                      Estadual Paulista Júlio de Mesquita Filho, Conselho Nacional de Desenvolvimento
                      Científico e Tecnológico. Orientador: Daniel Marcos Bonotto."
Daniel Marcos Bonotto,"Ana Maria Marinello Assis de Oliveira. Radioatividade associada ao Ra-228 em águas
                      minerais. 2012. Iniciação Científica. (Graduando em fisica) - Universidade Estadual
                      Paulista Júlio de Mesquita Filho, Conselho Nacional de Desenvolvimento Científico e
                      Tecnológico. Orientador: Daniel Marcos Bonotto."
Daniel Marcos Bonotto,"Debora Negri de Oliveira. Caracterização química de águas subterrâneas do aqüífero
                      Tubarão. 2012. Iniciação Científica. (Graduando em Engenharia Ambiental) - Universidade
                      Estadual Paulista Júlio de Mesquita Filho, Conselho Nacional de Desenvolvimento
                      Científico e Tecnológico. Orientador: Daniel Marcos Bonotto."
Daniel Marcos Bonotto,"Graco Ribeiro do Valle Dias. Estudo hidroquimico em poços tubulares profundos. 2012.
                      Iniciação Científica. (Graduando em Engenharia Ambiental) - Universidade Estadual
                      Paulista Júlio de Mesquita Filho, Conselho Nacional de Desenvolvimento Científico e
                      Tecnológico. Orientador: Daniel Marcos Bonotto."
Daniel Marcos Bonotto,"João Gabriel Martin. Radionuclídeos dissolvidos em águas subterrâneas de aqüíferos do
                      Estado de São. 2011. Iniciação Científica. (Graduando em fisica) - Universidade Estadual
                      Paulista Júlio de Mesquita Filho, Conselho Nacional de Desenvolvimento Científico e
                      Tecnológico. Orientador: Daniel Marcos Bonotto."
Daniel Marcos Bonotto,"Felipe Mangili Lara. O radônio dissolvido em águas subterrâneas do município de
                      Ribeirão Preto (SP). 2011. Iniciação Científica. (Graduando em Engenharia Ambiental) -
                      Universidade Estadual Paulista Júlio de Mesquita Filho, Conselho Nacional de
                      Desenvolvimento Científico e Tecnológico. Orientador: Daniel Marcos Bonotto."
Daniel Marcos Bonotto,"Eder Queiroz Barbosa. Hidroquímica em águas subterrâneas no município de Dourados (MS).
                      2011. Iniciação Científica. (Graduando em Engenharia Ambiental) - Universidade Estadual
                      Paulista Júlio de Mesquita Filho, Conselho Nacional de Desenvolvimento Científico e
                      Tecnológico. Orientador: Daniel Marcos Bonotto."
Daniel Marcos Bonotto,"Isabella Cruz Fagundes. Isótopos de urânio nos processos de intemperismo. 2010.
                      Iniciação Científica. (Graduando em Ecologia) - Universidade Estadual Paulista Júlio de
                      Mesquita Filho, Conselho Nacional de Desenvolvimento Científico e Tecnológico.
                      Orientador: Daniel Marcos Bonotto."
Daniel Marcos Bonotto,"Vinícius Cardoso Ottani. Metodologia analítica para determinação do torônio nas águas.
                      2010. Iniciação Científica. (Graduando em fisica) - Universidade Estadual Paulista Júlio
                      de Mesquita Filho, Conselho Nacional de Desenvolvimento Científico e Tecnológico.
                      Orientador: Daniel Marcos Bonotto."
Daniel Marcos Bonotto,"Danilo Amorim Catalán. O Po210 em águas subterrâneas do Estado de São Paulo. 2009.
                      Iniciação Científica. (Graduando em Engenharia Ambiental) - Universidade Estadual
                      Paulista Júlio de Mesquita Filho, Conselho Nacional de Desenvolvimento Científico e
                      Tecnológico. Orientador: Daniel Marcos Bonotto."
Daniel Marcos Bonotto,"Thiago Oliveira Santos. Radioatividade devido o radônio em águas termais do Aqüífero
                      Guarani. 2008. Iniciação Científica. (Graduando em Geologia) - Universidade Estadual
                      Paulista Júlio de Mesquita Filho, Conselho Nacional de Desenvolvimento Científico e
                      Tecnológico. Orientador: Daniel Marcos Bonotto."
Daniel Marcos Bonotto,"Carlos Roberto Alves Fonseca Filho. Isótopos de urânio nos processos de intemperismo.
                      2008. Iniciação Científica. (Graduando em Geologia) - Universidade Estadual Paulista
                      Júlio de Mesquita Filho, Conselho Nacional de Desenvolvimento Científico e Tecnológico.
                      Orientador: Daniel Marcos Bonotto."
Daniel Marcos Bonotto,"Thais de Oliveira Bueno. Os descendentes do radônio no aqüífero Guarani. 2005. 0 f.
                      Iniciação Científica. (Graduando em Engenharia Ambiental) - Universidade Estadual
                      Paulista Júlio de Mesquita Filho, Conselho Nacional de Desenvolvimento Científico e
                      Tecnológico. Orientador: Daniel Marcos Bonotto."
Daniel Marcos Bonotto,"Priscilla Cardoso Padron Armada. O radônio e seus descendentes no aqüífero Guarani.
                      2004. 54 f. Iniciação Científica. (Graduando em Geologia) - Universidade Estadual
                      Paulista Júlio de Mesquita Filho, Conselho Nacional de Desenvolvimento Científico e
                      Tecnológico. Orientador: Daniel Marcos Bonotto."
Daniel Marcos Bonotto,"Kelly Yaeko Miyashiro de Almeida. Uso do Po-210 na avaliação da taxa de sedimentação no
                      Horto Florestal Navarro de Andrade, Rio Claro, SP. 2002. 0 f. Iniciação Científica.
                      (Graduando em Ecologia) - Universidade Estadual Paulista Júlio de Mesquita Filho,
                      Conselho Nacional de Desenvolvimento Científico e Tecnológico. Orientador: Daniel Marcos
                      Bonotto."
Daniel Marcos Bonotto,"Sammy Sampaio Sieber. Os descendentes do radônio no aqüífero Guarani. 2002. 0 f.
                      Iniciação Científica. (Graduando em Geologia) - Universidade Estadual Paulista Júlio de
                      Mesquita Filho, Conselho Nacional de Desenvolvimento Científico e Tecnológico.
                      Orientador: Daniel Marcos Bonotto."
Daniel Marcos Bonotto,"Lourenço Caprioglio. Comportamento geoquímico do radônio em águas subterrâneas da bacia
                      sedimentar do Paraná. 1999. Iniciação Científica. (Graduando em fisica) - Universidade
                      Estadual Paulista Júlio de Mesquita Filho, Conselho Nacional de Desenvolvimento
                      Científico e Tecnológico. Orientador: Daniel Marcos Bonotto."
Daniel Marcos Bonotto,"Fabiano Tomazini da Conceição. Estudo da evolução e mistura de águas subterrâneas da
                      Formação Botucatu-Pirambóia. 1997. Iniciação Científica. (Graduando em Geologia) -
                      Universidade Estadual Paulista Júlio de Mesquita Filho, Conselho Nacional de
                      Desenvolvimento Científico e Tecnológico. Orientador: Daniel Marcos Bonotto."
Daniel Marcos Bonotto,"Lourenço Caprioglio. Estudo da evolução e mistura de águas subterrâneas da Formação
                      Botucatu-Pirambóia. 1997. Iniciação Científica. (Graduando em fisica) - Universidade
                      Estadual Paulista Júlio de Mesquita Filho, Conselho Nacional de Desenvolvimento
                      Científico e Tecnológico. Orientador: Daniel Marcos Bonotto."
Daniel Marcos Bonotto,"Douglas Roberto Almeida. Estudo da evolução e mistura de águas subterrâneas da Formação
                      Botucatu-Pirambóia. 1995. Iniciação Científica. (Graduando em Geologia) - Universidade
                      Estadual Paulista Júlio de Mesquita Filho, Conselho Nacional de Desenvolvimento
                      Científico e Tecnológico. Orientador: Daniel Marcos Bonotto."
Daniel Marcos Bonotto,"Cynthia Romariz Duarte. Estudo da evolução e mistura de águas subterrâneas da Formação
                      Botucatu-Pirambóia. 1994. Iniciação Científica. (Graduando em Geologia) - Universidade
                      Estadual Paulista Júlio de Mesquita Filho, Conselho Nacional de Desenvolvimento
                      Científico e Tecnológico. Orientador: Daniel Marcos Bonotto."
Daniel Marcos Bonotto,"Frederic Jorge Vanderoost. Estudo da evolução e mistura de águas subterrâneas da
                      Formação Botucatu-Pirambóia. 1994. Iniciação Científica. (Graduando em Geologia) -
                      Universidade Estadual Paulista Júlio de Mesquita Filho, Conselho Nacional de
                      Desenvolvimento Científico e Tecnológico. Orientador: Daniel Marcos Bonotto."
Daniel Marcos Bonotto,"Cynthia Romariz Duarte. Isótopos de urânio nas águas subterrâneas da Formação
                      Botucatu-Pirambóia. 1993. Iniciação Científica. (Graduando em Geologia) - Universidade
                      Estadual Paulista Júlio de Mesquita Filho, Conselho Nacional de Desenvolvimento
                      Científico e Tecnológico. Orientador: Daniel Marcos Bonotto."
Daniel Marcos Bonotto,"Maria Letícia Bachion. Isótopos de urânio nas águas subterrâneas da Formação
                      Botucatu-Pirambóia. 1993. Iniciação Científica. (Graduando em Geologia) - Universidade
                      Estadual Paulista Júlio de Mesquita Filho, Conselho Nacional de Desenvolvimento
                      Científico e Tecnológico. Orientador: Daniel Marcos Bonotto."
Daniel Marcos Bonotto,"Viviane Pilla. Estudo da evolução e mistura de águas subterrâneas da Formação
                      Botucatu-Pirambóia. 1993. Iniciação Científica. (Graduando em fisica) - Universidade
                      Estadual Paulista Júlio de Mesquita Filho, Conselho Nacional de Desenvolvimento
                      Científico e Tecnológico. Orientador: Daniel Marcos Bonotto."
Daniel Marcos Bonotto,"Luis Henrique Mancini. Isótopos de urânio nas águas subterrâneas da Formação
                      Botucatu-Pirambóia. 1992. Iniciação Científica. (Graduando em fisica) - Universidade
                      Estadual Paulista Júlio de Mesquita Filho, Conselho Nacional de Desenvolvimento
                      Científico e Tecnológico. Orientador: Daniel Marcos Bonotto."
Daniel Marcos Bonotto,"Andréa Corbani Pereira. Estudo da evolução e mistura de águas subterrâneas da Formação
                      Botucatu-Pirambóia. 1992. Iniciação Científica. (Graduando em fisica) - Universidade
                      Estadual Paulista Júlio de Mesquita Filho, Conselho Nacional de Desenvolvimento
                      Científico e Tecnológico. Orientador: Daniel Marcos Bonotto."
Daniel Marcos Bonotto,"Viviane Pilla. Isótopos de urânio nas águas subterrâneas da Formação
                      Botucatu-Pirambóia. 1991. Iniciação Científica. (Graduando em fisica) - Universidade
                      Estadual Paulista Júlio de Mesquita Filho, Conselho Nacional de Desenvolvimento
                      Científico e Tecnológico. Orientador: Daniel Marcos Bonotto."
Daniel Marcos Bonotto,"Rodrigo Fleury Zerlotti. Mobilidade geoquímica do urânio em aquífero da Formação Rio
                      Claro. 1986. Iniciação Científica. (Graduando em fisica) - Universidade Estadual
                      Paulista Júlio de Mesquita Filho, Conselho Nacional de Desenvolvimento Científico e
                      Tecnológico. Orientador: Daniel Marcos Bonotto."
Daniel Marcos Bonotto,"Fábio de Oliveira Thomazini. Análises hidroquímicas e radiométricas. 2020. Orientação
                      de outra natureza. (Geologia) - Universidade Estadual Paulista Júlio de Mesquita Filho,
                      Conselho Nacional de Desenvolvimento Científico e Tecnológico. Orientador: Daniel Marcos
                      Bonotto."
Daniel Marcos Bonotto,"Bruce Wilton Tessari. Análises químicas laboratoriais. 2012. Orientação de outra
                      natureza - Universidade Estadual Paulista Júlio de Mesquita Filho, Conselho Nacional de
                      Desenvolvimento Científico e Tecnológico. Orientador: Daniel Marcos Bonotto."
Daniel Marcos Bonotto,"Marilu Santilli. Análises hidrogeoquímicas. 2010. Orientação de outra natureza.
                      (Química) - Universidade Estadual Paulista Júlio de Mesquita Filho, Conselho Nacional de
                      Desenvolvimento Científico e Tecnológico. Orientador: Daniel Marcos Bonotto."
Daniel Marcos Bonotto,"Haretha Kazumi Itoman. Análises hidrogeoquímicas. 2008. Orientação de outra natureza -
                      Universidade Estadual Paulista Júlio de Mesquita Filho, Conselho Nacional de
                      Desenvolvimento Científico e Tecnológico. Orientador: Daniel Marcos Bonotto."
Daniel Marcos Bonotto,"Marilu Santilli. Análises hidrogeoquímicas. 2006. Orientação de outra natureza.
                      (biologia) - Universidade Estadual Paulista Júlio de Mesquita Filho, Conselho Nacional
                      de Desenvolvimento Científico e Tecnológico. Orientador: Daniel Marcos Bonotto."
Daniel Marcos Bonotto,"Altino Silva. Os descendentes do radônio no aqüífero Guarani. 2005. 0 f. Orientação de
                      outra natureza - Universidade Estadual Paulista Júlio de Mesquita Filho, Conselho
                      Nacional de Desenvolvimento Científico e Tecnológico. Orientador: Daniel Marcos Bonotto."
George Luiz Luvizotto,"Marli Aparecida da Silva.
						Petrologia e metalogenia da Suíte Intrusiva São Lourenço-Caripunas na região do distrito mineiro São Lourenço-Macisa, Rondônia.
						2023. Tese
					 (Doutorado em Geociências e Meio Ambiente)  - Universidade Estadual Paulista Júlio de Mesquita Filho, Conselho Nacional de Desenvolvimento Científico e Tecnológico. Orientador: George Luiz Luvizotto."
George Luiz Luvizotto,"Rafael Vieira Ribeiro.
						Estudo dos processos de fusão em rochas metapelíticas do Grupo Araxá na região de São Sebastião do Paraíso - MG.
						2015.
						Iniciação Científica. (Graduando em Geologia)  - Universidade Estadual Paulista Júlio de Mesquita Filho,
						Conselho Nacional de Desenvolvimento Científico e Tecnológico. Orientador: George Luiz Luvizotto."
Giancarlo Scardia,"Marcela Aragão de Carvalho Ramos. Magnetoestratigrafia do Grupo Passa Dois e da Formação Piramboia, Bacia do Paraná.
						2017.

					Dissertação  (Mestrado em Geociências e Meio Ambiente)  - Universidade Estadual Paulista Júlio de Mesquita Filho, Conselho Nacional de Desenvolvimento Científico e Tecnológico. Orientador: Giancarlo Scardia."
Giancarlo Scardia,"Gustavo Battaglini Job.
						Análise granulométrica de depósitos do tipo loess no Charyn Canyon, Cazaquistão.
						2019.
						Trabalho de Conclusão de Curso. (Graduação em Geologia)  - Universidade Estadual Paulista Júlio de Mesquita Filho,
						Conselho Nacional de Desenvolvimento Científico e Tecnológico. Orientador: Giancarlo Scardia."
Giancarlo Scardia,"Júlia Menezes Zenero.
						Investigações arqueológicas nos abrigos de Analândia.
						2017.
						Trabalho de Conclusão de Curso. (Graduação em Geografia)  - Universidade Estadual Paulista Júlio de Mesquita Filho,
						Conselho Nacional de Desenvolvimento Científico e Tecnológico. Orientador: Giancarlo Scardia."
Giancarlo Scardia,"Victor Lui Domingos Diniz Cambraia.
						Análise paleomagnética do testemunho 2-FC-01-PB, Bacia do Rio do Peixe (PB).
						2020.
						Iniciação Científica. (Graduando em Geologia)  - Universidade Estadual Paulista Júlio de Mesquita Filho,
						Conselho Nacional de Desenvolvimento Científico e Tecnológico. Orientador: Giancarlo Scardia."
Giancarlo Scardia,"José Augusto Proença Maia Devienne.
						Estudo da influência da magnetização viscosa remanescente (VRM) sobre o momento magnético total da rocha.
						2017.
						Iniciação Científica. (Graduando em Física)  - Universidade Estadual Paulista Júlio de Mesquita Filho,
						Conselho Nacional de Desenvolvimento Científico e Tecnológico. Orientador: Giancarlo Scardia."
Giancarlo Scardia,"Henrique Bazzo Martins.
						Análise paleomagnetica da Formação Rio Claro.
						2016.
						Iniciação Científica. (Graduando em Geologia)  - Universidade Estadual Paulista Júlio de Mesquita Filho,
						Conselho Nacional de Desenvolvimento Científico e Tecnológico. Orientador: Giancarlo Scardia."
Guillermo Rafael Beltran Navarro,"Cibele Carolina Montibeller. CARACTERÍSTICAS QUÍMICO-MINERALÓGICAS E CERÂMICAS DA MATÉRIA-PRIMA UTILIZADA PELO POLO CERÂMICO DE RIO VERDE DE MATO GROSSO, MS.
						2015.

					Dissertação  (Mestrado em Geociências e Meio Ambiente)  - Universidade Estadual Paulista Júlio de Mesquita Filho, Conselho Nacional de Desenvolvimento Científico e Tecnológico. Orientador: Guillermo Rafael Beltran Navarro."
Guillermo Rafael Beltran Navarro,"Thaís Güitzlaf Leme.
						PETROGRAFIA E GEOQUÍMICA DE GRANADA-CLINOPIROXÊNIO GRANITO (GRUPO ARAXÁ), REGIÃO DE SANTA CRUZ DO PRATA - MG.
						2016.
						Iniciação Científica. (Graduando em Geologia)  - Universidade Estadual Paulista Júlio de Mesquita Filho,
						Conselho Nacional de Desenvolvimento Científico e Tecnológico. Orientador: Guillermo Rafael Beltran Navarro."
Guillermo Rafael Beltran Navarro,"Thaís Guitzlaf Leme.
						PETROGRAFIA E GEOQUÍMICA DE GRANADA-CLINOPIROXÊNIO GRANÍTO (GRUPO ARAXÁ) NA REGIÃO DE SANTA CRUZ DA PRATA - MG.
						2015.
						Iniciação Científica. (Graduando em Geologia)  - Universidade Estadual Paulista Júlio de Mesquita Filho,
						Conselho Nacional de Desenvolvimento Científico e Tecnológico. Orientador: Guillermo Rafael Beltran Navarro."
Guillermo Rafael Beltran Navarro,"Thaís Guitzlaf Leme.
						PETROGRAFIA E GEOQUÍMICA DE GRANADA-CLINOPIROXÊNIO GRANÍTO (GRUPO ARAXÁ) NA REGIÃO DE SANTA CRUZ DA PRATA - MG.
						2014.
						Iniciação Científica. (Graduando em Geologia)  - Universidade Estadual Paulista Júlio de Mesquita Filho,
						Conselho Nacional de Desenvolvimento Científico e Tecnológico. Orientador: Guillermo Rafael Beltran Navarro."
José Eduardo Zaine,"ZAINE, J. E.. Membro titular da Comissão Examinadora da defesa de Mestrado de José  Alberto Felipe Basílio, intitulada ""Procedimentos para a seleção de áreas para aterros sanitários a partir de cartas geotécnicas: aplicação na folha Campinas (SP)"".
						2001.
						Universidade Estadual Paulista Júlio de Mesquita Filho."
José Eduardo Zaine,"ZAINE, J. E.. Membro titular da Comissão Examinadora do Exame Geral de Qualificação de Maria do Socorro Oliveira Maia.
						2001.
						Universidade Estadual Paulista Júlio de Mesquita Filho."
José Eduardo Zaine,"ZAINE, J. E.. Membro titular da Comissão Examinadora do Exame Geral de Qualificação do aluno Helcio Valter Belondi, no nível de mestrado.
						2001.
						Universidade Estadual Paulista Júlio de Mesquita Filho."
José Eduardo Zaine,"ZAINE, J. E.. Membro titular da Comissão Examinadora do Exame Geral de Qualificação de José Angelo Ferreira da Silva.
						2001.
						Universidade Estadual Paulista Júlio de Mesquita Filho."
José Eduardo Zaine,"ZAINE, J. E.. Membro titular da Comissão Examinadora do Trabalho de Formatura de Adriana do Carmo Menezes.
						2001.
						Universidade Estadual Paulista Júlio de Mesquita Filho."
José Eduardo Zaine,"ZAINE, J. E.. Membro titular da Comissão Examinadora de Trabalho de Formatura de Angélica Álida Zacarias.
						2001.
						Universidade Estadual Paulista Júlio de Mesquita Filho."
José Eduardo Zaine,"ZAINE, J. E.. Membro titular da Comissão Examinadora do Trabalho de Formatura de Alan Borges de Campos.
						2001."
José Eduardo Zaine,I Workshop do Comitê Brasileiro de Cartografia Geotécnica e Geoambiental.Estudos aplicados em Cartografia Geotécnica. 2017. (Outra).
José Eduardo Zaine,"Vinicius Queiroz Veloso. Proposta de gestão de risco associado à ocorrência de corridas de detrito em bacias hidrográficas na Serra do Mar - Cubatão ? SP.
						2019.

					Dissertação  (Mestrado em Geociencias (Geociencias e Meio-Ambiente))  - Universidade Estadual Paulista Júlio de Mesquita Filho, Conselho Nacional de Desenvolvimento Científico e Tecnológico. Orientador: José Eduardo Zaine."
José Eduardo Zaine,"Geisy Candido da Silva. Identificação e análise da geodiversidade funcional aplicada a estratégias de geoconservação: estudo de caso sub-bacias Água Quente e Água Fria, São Carlos - SP.
						2018.

					Dissertação  (Mestrado em Geociencias (Geociencias e Meio-Ambiente))  - Universidade Estadual Paulista Júlio de Mesquita Filho, Conselho Nacional de Desenvolvimento Científico e Tecnológico. Orientador: José Eduardo Zaine."
José Eduardo Zaine,"Tales de Deus Diniz. Mapeamento geológico-geotécnico do núcleo urbano central do município de Ilhabela - SP.
						2015.

					Dissertação  (Mestrado em Geociências e Meio Ambiente)  - Universidade Estadual Paulista Júlio de Mesquita Filho, Conselho Nacional de Desenvolvimento Científico e Tecnológico. Orientador: José Eduardo Zaine."
José Eduardo Zaine,"Thais Minatel Tinós. Compartimentação fisiográfica aplicada ao planejamento urbano e territorial do município de Poços de Caldas ? MG.
						2011.

					Dissertação  (Mestrado em Geociências e Meio Ambiente)  - Universidade Estadual Paulista Júlio de Mesquita Filho, Conselho Nacional de Desenvolvimento Científico e Tecnológico. Orientador: José Eduardo Zaine."
José Eduardo Zaine,"Thaís Minatel Tinós.
						Classificação automatizada do relevo a partir de parâmetros morfométricos.
						2016. Tese
					 (Doutorado em Geociências e Meio Ambiente)  - Universidade Estadual Paulista Júlio de Mesquita Filho, Conselho Nacional de Desenvolvimento Científico e Tecnológico. Orientador: José Eduardo Zaine."
José Eduardo Zaine,"Raphael Parra.
						O jardim geológico da Unesp como ferramenta educativa dentro do Geopark Corumbataí.
						2019.
						Iniciação Científica. (Graduando em Geologia)  - Universidade Estadual Paulista Júlio de Mesquita Filho,
						Conselho Nacional de Desenvolvimento Científico e Tecnológico. Orientador: José Eduardo Zaine."
José Eduardo Zaine,"João Pedro Massari de Mello.
						Evolução e Análise de Processos de Erosão e Assoreamento em Trechos e Afluentes do Rio Corumbataí no Município de Rio Claro - SP.
						2017.
						Iniciação Científica. (Graduando em Geologia)  - Universidade Estadual Paulista Júlio de Mesquita Filho,
						Conselho Nacional de Desenvolvimento Científico e Tecnológico. Orientador: José Eduardo Zaine."
José Eduardo Zaine,"Ian Kanji Nunes Yonezawa.
						Avaliação de processos de erosão e assoreamento na bacia do córrego do Sobrado no município de Rio Claro - SP.
						2016.
						Iniciação Científica. (Graduando em Geologia)  - Universidade Estadual Paulista Júlio de Mesquita Filho,
						Conselho Nacional de Desenvolvimento Científico e Tecnológico. Orientador: José Eduardo Zaine."
José Eduardo Zaine,"Dayse Mantovani Bernardes da Silva.
						Priorização de áreas para recuperação a partir da análise dos processos de assoreamento nas calhas do rio Corumbataí e do ribeirão Claro, no município de Rio Claro.
						2003.
						Iniciação Científica. (Graduando em Geologia)  - Universidade Estadual Paulista,
						Conselho Nacional de Desenvolvimento Científico e Tecnológico. Orientador: José Eduardo Zaine."
Jose Alexandre de Jesus Perinotto,"Ribeiro, R.R. ; GESICKI, A. L. D. ; THEODOROVICZ, A. ; CARNEIRO, C. D. R. ; SOUZA, C.R.G. ; GROLA, D.A. ; DEL LAMA, E.A. ; PERINOTTO, J. A. J. ; BOGGIANI, P. C. ; VEDOVELLO, R. ; MANTESSO-NETO, V. . O Conselho Estadual de Monumentos Geológicos - COMGEO-SP. In: 45º Congresso Brasileiro de Geologia, 2010, Belém-PA. Anais. Belém: SBG, 2010."
Jose Alexandre de Jesus Perinotto,"PERINOTTO, J. A. J.. Comissão Organizadora da Conferência Estadual do Meio Ambiente. 2025."
Jose Alexandre de Jesus Perinotto,"PERINOTTO, J. A. J.; ZAINE, JOSÉ EDUARDO ; KOLYA, ANDRÉ DE ANDRADE ; ZAINE, M. F. ; REIS, FÁBIO ; BAPTISTA, MARIA VITORIA . Presidente do Comitê Científico do Projeto UNESCO Geoparque Corumbataí. 2024."
Jose Alexandre de Jesus Perinotto,"PERINOTTO, J. A. J.. Presidente da Comissão Permanente de Eventos e Cerimonial da Reitoria. 2021."
Jose Alexandre de Jesus Perinotto,"Perinotto, José A. de J.. Presidente do Conselho Municipal de Defesa do Meio Ambiente - COMDEMA. 2020."
Jose Alexandre de Jesus Perinotto,"Perinotto, José A. de J.. Membro do Conselho Municipal de Ciência, Tecnologia e Inovação Rio Claro. 2019."
Jose Alexandre de Jesus Perinotto,"PERINOTTO, J. A. J.. Conselheiro do Conselho Estadual de Monumentos Geológicos 2012-2013. 2013."
Jose Alexandre de Jesus Perinotto,"PERINOTTO, J. A. J.. Participação da UNESP no Conselho Estadual de Mudanças Climáticas. 2025.
						
							(Programa de rádio ou TV/Entrevista)."
Jose Alexandre de Jesus Perinotto,8o. Congresso de Extensão Universitária da UNESP. Membro do Comitê Científico. 2015. (Congresso).
Jose Alexandre de Jesus Perinotto,45º Congresso Brasileiro de Geologia. O Conselho Estadual de Monumentos Geológicos - COMGEO-SP. 2010. (Congresso).
Jose Alexandre de Jesus Perinotto,"Isabela Coutinho Lino. Selação de Áreas para Implantação de Aterros Sanitários: análise comparativa de métodos.
						2007.

					Dissertação  (Mestrado em Geociências e Meio Ambiente)  - Universidade Estadual Paulista Júlio de Mesquita Filho, Conselho Nacional de Desenvolvimento Científico e Tecnológico. Orientador: Jose Alexandre de Jesus Perinotto."
Jose Alexandre de Jesus Perinotto,"José Reynaldo Bastos da Silva.
						Subsídios Geológicos para o Planejamento e Gestão Ambiental do Turismo em Estâncias: Estudo de Caso em Paraguaçu Paulista (SP).
						2008. Tese
					 (Doutorado em Geociências e Meio Ambiente)  - Universidade Estadual Paulista Júlio de Mesquita Filho, Conselho Nacional de Desenvolvimento Científico e Tecnológico. Orientador: Jose Alexandre de Jesus Perinotto."
Jose Alexandre de Jesus Perinotto,"Cesar A Goso.
						Análise Estratigráfica do Grupo Paysandú (Cretáceo) na Bacia do Litoral, Uruguai.
						1999. 0 f. Tese
					 (Doutorado em Geociências)  - Universidade Estadual Paulista Júlio de Mesquita Filho, Conselho Nacional de Desenvolvimento Científico e Tecnológico. Orientador: Jose Alexandre de Jesus Perinotto."
Jose Alexandre de Jesus Perinotto,"Rodrigo Antonio Rodrigues.
						Grupo Itararé na região leste de Piracicaba-SP e em trechos da Rodovia do Açúcar (SP 308).
						2011.
						Iniciação Científica. (Graduando em geologia)  - Universidade Estadual Paulista ""Julio de Mesquita Filho"",
						Conselho Nacional de Desenvolvimento Científico e Tecnológico. Orientador: Jose Alexandre de Jesus Perinotto."
Jose Alexandre de Jesus Perinotto,"Ana Luiza Laranjeira.
						Variações paleoambientais registradas na Fm. Corumbataí (P, Bacia do Paraná) na região do pólo cerâmico da Depressão Periférica Paulista.
						2011.
						Iniciação Científica. (Graduando em Geologia)  - Universidade Estadual Paulista Júlio de Mesquita Filho,
						Conselho Nacional de Desenvolvimento Científico e Tecnológico. Orientador: Jose Alexandre de Jesus Perinotto."
Jose Alexandre de Jesus Perinotto,"José Antonio Cirillo de Assis.
						Retração de Geleiras na Ilha Rei George, Antártica.
						2009.
						Iniciação Científica. (Graduando em Geologia)  - Universidade Estadual Paulista Júlio de Mesquita Filho,
						Conselho Nacional de Desenvolvimento Científico e Tecnológico. Orientador: Jose Alexandre de Jesus Perinotto."
Jose Alexandre de Jesus Perinotto,"PERINOTTO, J. A. J.. Participação da UNESP no Conselho Estadual de Mudanças Climáticas. 2025.
						
							(Programa de rádio ou TV/Entrevista)."
Lucas Verissimo Warren,"Rafaela Casonatto Della Coletta. Controles deposicionais em plataformas carbonáticas mistas Ediacaranas: evolução sedimentar e paleoambiental da Formação Serra de Santa Helena, norte da Bacia Bambuí.
					Início: 2024.
					Dissertação (Mestrado em Geociencias (Geociencias e Meio-Ambiente))  - Universidade Estadual Paulista Júlio de Mesquita Filho, Conselho Nacional de Desenvolvimento Científico e Tecnológico. (Orientador)."
Lucas Verissimo Warren,"Alexandre Grohmann Borsio.
						ANÁLISE DE ICNOFÓSSEIS E RECONSTRUÇÃO PALEOAMBIENTAL DA FORMAÇÃO TERESINA NA REGIÃO SUDOESTE DO ESTADO DE SÃO PAULO.
						2022.
						Iniciação Científica. (Graduando em Geologia)  - Universidade Estadual Paulista Júlio de Mesquita Filho,
						Conselho Nacional de Desenvolvimento Científico e Tecnológico. Orientador: Lucas Verissimo Warren."
Lucas Verissimo Warren,"Beatriz Estenico Correr.
						ANÁLISES DE FÁCIES SEDIMENTARES DA FORMAÇÃO CORUMBATAÍ NA PORÇÃO CENTRAL DO ESTADO DE SÃO PAULO.
						2022.
						Iniciação Científica. (Graduando em Geologia)  - Universidade Estadual Paulista Júlio de Mesquita Filho,
						Conselho Nacional de Desenvolvimento Científico e Tecnológico. Orientador: Lucas Verissimo Warren."
Lucas Verissimo Warren,"Fernanda Miranda de Siqueira Buchi.
						Caracterização de estruturas sedimentares induzidas por atividade microbial (MISS) da Sequência Tiradentes, Minas Gerais: reconstrução paleoambiental de um oceano paleoproterozoico.
						2017.
						Iniciação Científica. (Graduando em Geologia)  - Universidade Estadual Paulista Júlio de Mesquita Filho,
						Conselho Nacional de Desenvolvimento Científico e Tecnológico. Orientador: Lucas Verissimo Warren."
Lucas Verissimo Warren,"Mariana Duarte Nogueira Freitas.
						Tafonomia das concentrações bioclásticas ediacaranas do Grupo Itapucumi, PY..
						2015.
						Iniciação Científica. (Graduando em Geologia)  - Universidade Estadual Paulista Júlio de Mesquita Filho,
						Conselho Nacional de Desenvolvimento Científico e Tecnológico. Orientador: Lucas Verissimo Warren."
Lucas Verissimo Warren,"Caio Breda.
						CARTOGRAFIA E ANÁLISE SEDIMENTAR DE DEPÓSITOS CENOZOICOS DA PORÇÃO CENTRAL DO ESTADO DE SÃO PAULO.
						2015.
						Iniciação Científica. (Graduando em Geologia)  - Universidade Estadual Paulista Júlio de Mesquita Filho,
						Conselho Nacional de Desenvolvimento Científico e Tecnológico. Orientador: Lucas Verissimo Warren."
Lucas Moreira Furlan,"V Workshop de Águas Subterrâneas dos Comitês PCJ.
						2020. (Simpósio)."
Reinaldo José Bertini,"BERTINI, R. J.; REIS, F.; NAVARRO, G.. Comissão Examinadora de Concurso Público para contratação emergencial de professor substituto.
						2019.
						Universidade Estadual Paulista Júlio de Mesquita Filho."
Reinaldo José Bertini,"BERTINI, R. J.; MOREIRA, C. A.; NAVARRO, G.. Comissão Examinadora de Concurso Público para contratação emergencial de professor substituto.
						2018.
						Universidade Estadual Paulista Júlio de Mesquita Filho."
Reinaldo José Bertini,"Caio Fabrício Cezar Geroto.
						Análise cladística filogenética e paleobiogeográfica  dos Metasuchia (Crocodyliformes; Mesoeucrocodylia) do Grupo Bauru (Neo-Cretáceo) do Sudeste do Brasil.
						2016. Tese
					 (Doutorado em Geociencias - Geologia Regional(Rc))  - Universidade Estadual Paulista Júlio de Mesquita Filho, Conselho Nacional de Desenvolvimento Científico e Tecnológico. Orientador: Reinaldo José Bertini."
Reinaldo José Bertini,"Cibele Gasparelo Voltani.
						Elopomorfos cretácicos da bacia do Araripe: redescrição osteológica e filogenia.
						2016. Tese
					 (Doutorado em Geociencias - Geologia Regional(Rc))  - Universidade Estadual Paulista Júlio de Mesquita Filho, Conselho Nacional de Desenvolvimento Científico e Tecnológico. Orientador: Reinaldo José Bertini."
Reinaldo José Bertini,"Isabela de Oliveira Carlini.
						Prospecção para restos de microvertebrados no Grupo Bauru.
						2019.
						Iniciação Científica. (Graduando em Abi - Ciências Biológicas)  - Universidade Estadual Paulista Júlio de Mesquita Filho,
						Conselho Nacional de Desenvolvimento Científico e Tecnológico. Orientador: Reinaldo José Bertini."
Reinaldo José Bertini,"André Santiago Martins de Andrade.
						Atividades em Iniciação Científica, ligadas ao CNPq processo 401795/2010-1.
						2014.
						Iniciação Científica. (Graduando em Geologia)  - Universidade Estadual Paulista Júlio de Mesquita Filho,
						Conselho Nacional de Desenvolvimento Científico e Tecnológico. Orientador: Reinaldo José Bertini."
Reinaldo José Bertini,"Caio Ravagnani Saad.
						Atividades em Iniciação Científica, ligadas ao CNPq processo 401795/2010-1.
						2014.
						Iniciação Científica. (Graduando em Geologia)  - Universidade Estadual Paulista Júlio de Mesquita Filho,
						Conselho Nacional de Desenvolvimento Científico e Tecnológico. Orientador: Reinaldo José Bertini."
Reinaldo José Bertini,"Laura Brandão Schenkel.
						Atividades em Iniciação Científica, ligadas ao CNPq processo 401795/2010-1.
						2013.
						Iniciação Científica. (Graduando em Geologia)  - Universidade Estadual Paulista Júlio de Mesquita Filho,
						Conselho Nacional de Desenvolvimento Científico e Tecnológico. Orientador: Reinaldo José Bertini."
Reinaldo José Bertini,"Marina Mendes Coura.
						Atividades em Iniciação Científica, ligadas ao CNPq processo 401795/2010-1.
						2013.
						Iniciação Científica. (Graduando em Geologia)  - Universidade Estadual Paulista Júlio de Mesquita Filho,
						Conselho Nacional de Desenvolvimento Científico e Tecnológico. Orientador: Reinaldo José Bertini."
Regiane Andrade Fumes,"Emily Amanda Salvioni.
						Modelagem Iterativa Termodinâmica da Metagrauvaca da Unidade Santo Antônio ? Orógeno Brasília Sul.
						2024.
						Trabalho de Conclusão de Curso. (Graduação em Geologia)  - Universidade Estadual Paulista Júlio de Mesquita Filho,
						Conselho Nacional de Desenvolvimento Científico e Tecnológico. Orientador: Regiane Andrade Fumes."
Rosemarie Rohn Davies,"Rohn, R.. Membro da Comissão Científica da XI Reunião de Paleobotânicos e Palinólogos. 2005."
Rosemarie Rohn Davies,"IANNUZZI, R.; Rohn, R..  Participação em banca de Daiana Rockenbach Boardman. Comissão Examinadora. 2006. Dissertação (Mestrado em Programa de Pós-Graduação em Geociências) - Universidade Federal do Rio Grande do Sul/Instituto de Geociências."
Rosemarie Rohn Davies,"RODINI, E. S. O.; Rohn, R.; FITTIPALDI, F. C.. Membro Titular da Comissão Examinadora do Concurso Público para o provimento de Professor Assistente, disciplina Geologia e Paleontologia.
						2004. Universidade Estadual Paulista/Faculdade de Ciências."
Rosemarie Rohn Davies,"FAIRCHILD, T. R.; SIMÕES, M. G.; PETRI, S.; Rohn, R.. Membro da Comissão Julgadora do concurso para provimento de um cargo de professor assistente do Departamento de Geologia Sedimentar e Ambiental..
						2000. Universidade de São Paulo/Instituto de Geociências."
Rosemarie Rohn Davies,"Rohn, R.; PETRI, S.; RÖSLER, O.; BERNARDES DE OLIVEIRA, M. E. C.. Comissão Julgadora do Concurso para provimento de cargo de professor doutor junto ao Departamento de Paleontologia e Estratigrafia.
						1998. Universidade de São Paulo/Instituto de Geociências."
Rosemarie Rohn Davies,"Paula Giovana Pazinato. Crustáceos Malacostraca do Membro Taquaral, Formação Irati, Permiano Inferior da Bacia do Paraná: Sistemática, tafonomia e paleoecologia.
						2017.

					Dissertação  (Mestrado em Geociências e Meio Ambiente)  - Universidade Estadual Paulista Júlio de Mesquita Filho, Conselho Nacional de Desenvolvimento Científico e Tecnológico. Orientador: Rosemarie Rohn Davies."
Rosemarie Rohn Davies,"Rodrigo Neregato. Análise palinológica das formações Serra Alta, Teresina e Rio do Rasto nos furos de sondagem SP-23-PR e SP-58-PR, Centro-Norte do Paraná (Permiano, Bacia do Paraná).
						2007.

					Dissertação  (Mestrado em Geociências (Geologia Regional))  - Universidade Estadual Paulista Júlio de Mesquita Filho, Conselho Nacional de Desenvolvimento Científico e Tecnológico. Orientador: Rosemarie Rohn Davies."
Rosemarie Rohn Davies,"Tatiane Marinho Vieira Tavares.
						Estudo de Marattiales da ?Floresta Petrificada do Tocantins Setentrional? (Permiano, Bacia do Parnaíba)..
						2011. Tese
					 (Doutorado em Geociencias - Geologia Regional(Rc))  - Universidade Estadual Paulista Júlio de Mesquita Filho, Conselho Nacional de Desenvolvimento Científico e Tecnológico. Orientador: Rosemarie Rohn Davies."
Rosemarie Rohn Davies,"Luis Gustavo Ferreira de Oliveira.
						Conchostráceos permianos da Bacia do Paraná: Taxonomia, evolução, bioestratigrafia e paleobiogeografia.
						2007. Tese
					 (Doutorado em Geociências (Geologia Regional))  - Universidade Estadual Paulista Júlio de Mesquita Filho, Conselho Nacional de Desenvolvimento Científico e Tecnológico. Orientador: Rosemarie Rohn Davies."
Rosemarie Rohn Davies,"Márcia Emília Longhim.
						Palinoestratigrafia na passagem do Grupo Itararé ao Guatá (Carbonífero-Permiano) na porção leste-nordeste da Bacia do Paraná..
						2007. Tese
					 (Doutorado em Pós-Graduação em Geologia Regional)  - Universidade Estadual Paulista/Instituto de Geociências e Ciências Exatas, Conselho Nacional de Desenvolvimento Científico e Tecnológico. Orientador: Rosemarie Rohn Davies."
Rosemarie Rohn Davies,"Rafael Moniz Caixeta.
						Estromatólitos de Santa Rosa de Viterbo, borda nordeste da Bacia do Paraná (Grupo Passa Dois, Permiano): Análise de furos de sondagem..
						2011.
						Iniciação Científica. (Graduando em Geologia)  - Universidade Estadual Paulista Júlio de Mesquita Filho,
						Conselho Nacional de Desenvolvimento Científico e Tecnológico. Orientador: Rosemarie Rohn Davies."
Washington Barbosa Leite Júnior,"SEVERINO, P. R. A. ; LEITE JÚNIOR, W. B. ; GALDEANO, L. R. ; KONSTANTINOW, N. ; Batiston, D.A. . Rochas ornamentais e de revestimento da região central da cidade de Rio Claro (SP): pisos e fachadas. In: Congresso de Iniciação Científica da UNESP Campus de Rio Claro, 2013, Rio Claro SP. Anais do Congresso de Iniciação Científica da UNESP Campus de Rio Claro. Rio Claro SP: Comissão de Pesquisa do Campus de Rio Claro, 2013. v. 1."
Washington Barbosa Leite Júnior,"Ene Gloria da Silveira.
						2008. Universidade Estadual Paulista Júlio de Mesquita Filho, Conselho Nacional de Desenvolvimento Científico e Tecnológico. Washington Barbosa Leite Júnior."
Washington Barbosa Leite Júnior,"Rafael Cunha Basilio de Oliveira.
						Geologia e petrografia dos granitos e greisens mineralizados a estanho e metais base (Zn, Cu, Pb) do morro Palanqueta, mina Bom Futuro, Rondônia..
						2004. 35 f.
						Iniciação Científica. (Graduando em Geologia)  - Universidade Estadual Paulista Júlio de Mesquita Filho,
						Conselho Nacional de Desenvolvimento Científico e Tecnológico. Orientador: Washington Barbosa Leite Júnior."
